"gene_id"	"gene_name"	"gene_biotype"	"gene_seq_start"	"gene_seq_end"	"seq_name"	"seq_strand"	"seq_coord_system"	"description"	"gene_id_version"	"canonical_transcript"	"symbol"	"entrezid"	"diffExpressed_fac"	"Rhythmicity_fac"	"logFC"	"AveExpr"	"t"	"P.Value"	"adj.P.Val"	"B"	"diffExpressed"	"Rhythmicity"	"Rhythmicity_lmrAMP"	"BH.Q"	"ADJ.P"	"PER"	"LAG"	"AMP"	"amp_lmr"	"amp_lmr_abs"	"Liver_WT_DD_CT0_A"	"Liver_WT_DD_CT0_B"	"Liver_WT_DD_CT0_C"	"Liver_WT_DD_CT0_D"	"Liver_WT_DD_CT4_A"	"Liver_WT_DD_CT4_B"	"Liver_WT_DD_CT4_C"	"Liver_WT_DD_CT4_D"	"Liver_WT_DD_CT8_A"	"Liver_WT_DD_CT8_B"	"Liver_WT_DD_CT8_C"	"Liver_WT_DD_CT8_D"	"Liver_WT_DD_CT12_A"	"Liver_WT_DD_CT12_B"	"Liver_WT_DD_CT12_C"	"Liver_WT_DD_CT12_D"	"Liver_WT_DD_CT16_A"	"Liver_WT_DD_CT16_B"	"Liver_WT_DD_CT16_C"	"Liver_WT_DD_CT16_D"	"Liver_WT_DD_CT20_A"	"Liver_WT_DD_CT20_B"	"Liver_WT_DD_CT20_C"	"Liver_WT_DD_CT20_D"	"Liver_WT_DD_CT24_A"	"Liver_WT_DD_CT24_B"	"Liver_WT_DD_CT24_C"	"Liver_WT_DD_CT24_D"	"Liver_WT_DD_CT28_A"	"Liver_WT_DD_CT28_B"	"Liver_WT_DD_CT28_C"	"Liver_WT_DD_CT28_D"	"Liver_WT_DD_CT32_A"	"Liver_WT_DD_CT32_B"	"Liver_WT_DD_CT32_C"	"Liver_WT_DD_CT32_D"	"Liver_WT_DD_CT36_A"	"Liver_WT_DD_CT36_B"	"Liver_WT_DD_CT36_C"	"Liver_WT_DD_CT36_D"	"Liver_WT_DD_CT40_A"	"Liver_WT_DD_CT40_B"	"Liver_WT_DD_CT40_C"	"Liver_WT_DD_CT40_D"	"Liver_WT_DD_CT44_A"	"Liver_WT_DD_CT44_B"	"Liver_WT_DD_CT44_C"	"Liver_WT_DD_CT44_D"
"1"	ENSMUSG00000060317	Acnat2	protein_coding	49379840	49408151	4	-1	chromosome	acyl-coenzyme A amino acid N-acyltransferase 2 [Source:MGI Symbol;Acc:MGI:2444345]	ENSMUSG00000060317.9	ENSMUST00000081541	Acnat2	209186	DOWN	Rhythmic	-2.97278856930388	4.63880926170796	-24.080514434074	4.12567137298206e-42	1.54737680555754e-39	85.5580137088142	DOWN	Rhythmic	Rhythmic	1.82182221727295e-05	1.11278791004149e-06	24	22	0.449022000963149	0.915417231203222	7.88089274693106	1.81120597752322	3.28280152969814	2.30239238772987	3.17042763875876	1.44081721244938	3.41654543908074	2.13782202319477	2.34172053516308	1.71035174676527	1.53104940999878	2.19238872372777	2.67881440708647	1.83667876199319	2.38120557206797	2.14085111599446	1.21340500356552	2.72606799899581	2.6521556647118	2.36200508807365	3.45394925260399	2.61981404314801	4.12039485562124	3.2825417117465	2.9852676267209	3.20495646539055	3.67036424134566	4.01155634236731	3.74312825171378	2.95646286617111	1.81386131023255	3.50505489932354	2.58617124676321	2.54077962852333	2.24455042906767	2.54075834132254	0.958878984759557	2.09141919057164	1.791609853495	1.84608471216514	2.52486526967728	3.24240975730516	3.48413613372698	3.18058026916739	3.66487577915999	4.21307504779412	4.51448036382105	4.73917547708424	3.50862602785742
"2"	ENSMUSG00000021228	Acot3	protein_coding	84052144	84060402	12	1	chromosome	acyl-CoA thioesterase 3 [Source:MGI Symbol;Acc:MGI:2159619]	ENSMUSG00000021228.15	ENSMUST00000021653	Acot3	171281	DOWN	Rhythmic	-2.0750694488814	4.96235119974939	-10.8229884404969	3.10555299216339e-18	3.71017658146778e-17	30.6894712802614	DOWN	Rhythmic	Rhythmic	6.73418703918581e-06	3.47672741216752e-07	24	16	1.16348696457401	1.44945845705127	28.0615618936552	2.8820713048899	4.64575927354273	2.88390843406153	3.86127872841681	1.26165775668681	2.92701705778246	1.35601107653613	3.5622663310464	1.8615978724576	2.41018345799275	4.56139085606423	5.82233335685129	5.50406268396358	5.41658457469839	4.92040821035927	4.79815194019616	5.37987997085214	4.82435618272332	5.75094421710296	5.43598459985344	4.48588804610426	4.83281992125009	5.69469721100359	3.68247008616679	4.89828866832332	3.89579826872331	5.01506600240897	4.30860755768515	4.18278293196143	2.61980075999357	4.29362283182013	3.45932582489339	3.80745921647753	4.5237521763377	5.70676911760491	4.64940967022525	6.57060442334606	7.30143048961057	6.19646116894908	6.49285854401038	6.3561704988813	6.0225437858968	5.31754980107482	6.40357115869421	5.91286727674908	6.16946114653905	4.94634306712414	4.25966311861158
"3"	ENSMUSG00000050860	Phospho1	protein_coding	95824499	95832140	11	1	chromosome	phosphatase, orphan 1 [Source:MGI Symbol;Acc:MGI:2447348]	ENSMUSG00000050860.6	ENSMUST00000054173	Phospho1	237928	UP	Rhythmic	1.94747588927636	1.99709289635206	15.2621769275225	3.04204198788923e-27	1.280658288575e-25	51.4107816579587	UP	Rhythmic	Rhythmic	4.32648724775477e-05	3.01319544927253e-06	24	6	0.528836041261655	0.689700663537836	4.82445493165861	3.41008236258609	2.7488690241067	1.8747311059044	2.07203817621614	3.13592285721135	3.54355997107584	2.88004397356265	3.20853045407047	3.07783514461761	3.32461454776813	2.82383672156483	2.77323639374011	2.49957076020211	3.09394891043435	2.64933305434249	2.93447774531891	1.33004554115392	2.71700187589833	1.57027982679803	1.9223374403374	2.01649051059642	2.15267630797512	2.26262250968213	1.85713986839272	3.61401500296752	4.29125187831334	3.4627507938291	3.66478505343298	4.18756260474447	2.966529570123	3.77972252466669	4.06553850762995	2.36398806228936	2.80801885929174	3.39581189912873	1.82510091156227	2.95135834422912	1.47736945904256	2.98779345664054	2.72906239358754	2.22018362815078	0.938217746876234	1.94484520983369	2.30694608487982	2.02779637303554	3.42108633801569	2.88743692329306	1.95447392444665
"4"	ENSMUSG00000116165	Pdxp	protein_coding	78913919	78919517	15	1	chromosome	pyridoxal (pyridoxine, vitamin B6) phosphatase [Source:MGI Symbol;Acc:MGI:1919282]	ENSMUSG00000116165.1	ENSMUST00000089378	Pdxp	57028	DOWN	Rhythmic	-1.94381962315757	1.68282952938015	-15.6097897588739	6.58623044991778e-28	3.12328637082883e-26	52.9397785039519	DOWN	Rhythmic	Rhythmic	1.6274100251199e-07	4.68092404413578e-09	24	18	1.61967743238309	1.18070121304029	2.1291656646795	-1.07341686649107	-0.20331643703283	-1.7923217504443	-0.676101399186258	-1.25320694406362	-1.85709371192909	-1.36050159742587	-1.32257630972756	-1.96729857774384	-1.92107927250961	-1.38429712048045	-1.25583694181217	-0.0151576572971654	0.629527359938534	0.58691009415227	0.417691391514182	1.32293968322352	1.07700325359995	0.958687508547838	1.26764835275942	0.704302838599285	0.0566237226247712	1.22483971737969	0.128953965268807	-1.95932796677467	-0.163782373499823	-0.44979543575876	-0.193377112460742	-0.427865693327601	-1.31596565380543	-1.8387992926162	-0.51329995302589	-1.82168990676136	-1.238301164886	-0.777484085815581	-1.65206783610543	0.41471845096819	-0.47472335274349	0.336505844683934	0.897634614863435	1.26256683425846	0.595070228516388	-0.0580605893611754	0.736367705109915	-0.03470259532848	-1.26400776295425	-0.434736329118751	0.424040499380937
"5"	ENSMUSG00000028957	Per3	protein_coding	151003652	151044665	4	-1	chromosome	period circadian clock 3 [Source:MGI Symbol;Acc:MGI:1277134]	ENSMUSG00000028957.12	ENSMUST00000103204	Per3	18628	DOWN	Rhythmic	-1.93615998716374	3.39598987759996	-20.8529747532227	3.93129161394458e-37	7.97665513209707e-35	74.1429610440005	DOWN	Rhythmic	Rhythmic	7.38239805203825e-17	4.77168816484657e-20	24	14	1.70999843318696	1.827673229586	13.8575544251111	0.131629303919455	0.901545189458646	0.836975553284501	0.316689395080382	1.24907399553619	1.14982017582372	-0.33052511293711	0.0736818080494853	2.32047742399771	2.92653271558848	2.85566827893182	3.36127334930681	3.6949692071001	3.85871422885319	3.94730094567935	3.66737697138593	3.22766029339747	2.60477888929129	4.07082917778682	3.14431193878455	2.14468212204439	2.2134999127819	2.01200586181056	2.56917985461257	-1.01518671000166	0.806962637854797	0.767713740662349	-0.411201019906183	0.881061256622418	0.808870994580059	1.48450862036462	0.920693169078506	2.91806242350445	3.33913480582637	2.50320728201228	3.53088723617255	4.14889456459932	4.46222330407699	3.16823174370751	3.80560465855986	3.54326321121618	3.41438711012844	3.25411993613025	3.85247188616576	2.05801572494224	1.97226177651086	1.68588845086774	2.0196810310808
"6"	ENSMUSG00000038092	Hsd3b5	protein_coding	98618634	98630252	3	-1	chromosome	hydroxy-delta-5-steroid dehydrogenase, 3 beta- and steroid delta-isomerase 5 [Source:MGI Symbol;Acc:MGI:104645]	ENSMUSG00000038092.6	ENSMUST00000044094	Hsd3b5	15496	UP	Rhythmic	1.87868365396127	6.26391027508816	10.3309702085026	3.43536776518107e-17	3.5351585152041e-16	28.2920125780445	UP	Rhythmic	Rhythmic	1.45152980003186e-07	4.05776287316008e-09	24	8	0.453907424870042	0.755196826474507	105.93680162082	3.06966609085205	3.447680274975	4.04926855211301	4.28330738356698	3.6877868594745	3.8695313689059	3.83254986466693	3.52920036564209	4.00701932984476	4.13061067036241	4.06814832454928	3.71158812716511	3.36195790143397	3.50711441549727	3.33408796801673	3.38552305154488	3.41762837695466	2.36693490763551	3.3917704150996	2.67137999316075	2.88774550243768	2.41884601952244	2.89621975340308	2.72658637219713	3.77230924420002	2.99152900151431	2.87183992805291	2.84068733529123	3.94348697033433	3.47381866545703	3.72639145471738	3.36911243585111	4.46571506058856	3.36926941464189	3.77981030223618	4.69447714640315	3.52254723706198	3.01790860183366	3.29202319546528	3.05619627383042	1.79453416362428	2.33883729904164	2.29769331704339	2.42415256736434	0.562660164392462	2.41356999415052	2.3186356274733	3.04876558605601
"7"	ENSMUSG00000074254	Cyp2a4	protein_coding	26307169	26315088	7	1	chromosome	cytochrome P450, family 2, subfamily a, polypeptide 4 [Source:MGI Symbol;Acc:MGI:88596]	ENSMUSG00000074254.4	ENSMUST00000098657	Cyp2a4	13086	UP	Rhythmic	1.86626396162696	2.51030301550115	6.16385386939893	1.73427243934854e-08	6.3770320801595e-08	8.40649913088158	UP	Rhythmic	Rhythmic	0.00181237560924594	0.00024981116501362	24	18	2.34116717124334	1.58061533145129	20.0562138454828	8.3442589487556	12.2545104015403	9.64547396276329	9.84217845013635	7.21900965402626	4.35723545435297	6.39142127407799	7.16295532308578	7.1960301877017	6.20664063402547	6.46114054428638	7.48424313071122	10.7951534960662	9.93335108059073	9.90041293780946	6.71913906444656	12.9911663197897	9.90027506465657	13.4279631344324	8.01033755855613	12.4050634754817	10.1140510809518	13.0701862382142	9.055435017748	7.6211038128253	5.80530261485335	8.03905469215059	6.27230212377288	6.57290294939086	7.47177964032047	6.95443537048292	4.9881210949263	4.96047910191618	7.45661268516603	8.42069475624066	7.79214530612471	7.71064452404854	9.86545042647822	7.04868839534482	8.00650953330767	8.88180481032519	6.81153748324731	8.14325985077516	7.5329802504115	8.11124574633798	7.31175862796386	6.08445769321568	8.49054829178839
"8"	ENSMUSG00000024365	Cyp21a1	protein_coding	34801348	34804561	17	-1	chromosome	cytochrome P450, family 21, subfamily a, polypeptide 1 [Source:MGI Symbol;Acc:MGI:88591]	ENSMUSG00000024365.9	ENSMUST00000025223	Cyp21a1	13079	UP	Rhythmic	1.81877415397269	0.526290711411067	10.7716579717203	3.98839442224764e-18	4.69689417356413e-17	30.4398443726636	UP	Non-rhythmic	Rhythmic	0.00389536309308315	0.000618121767376206	24	18	0.0414082751214776	0.891428722318545	2.22529311056509	2.76243794356915	-0.342237974341009	1.35350608033408	1.53084228663575	1.73258804868039	1.01141907890965	1.22557372763487	-0.328580128337034	2.67040193836958	2.59165869492755	1.78854626005886	2.19587340338573	2.22651420603342	1.78035860089188	1.66405727792445	0.992684375503325	2.66743751656456	1.27191684559145	1.60903202668618	0.882376158821317	3.49839195896524	2.11689884245086	1.85237994024445	1.79114819295166	0.287737185338481	2.15681723471124	-0.341630356663124	1.95530257619837	0.58296354759631	0.93387841613455	-0.257077483522771	0.149460727397464	0.891013514242999	1.09743939815056	0.904239454861192	2.59505211460934	3.1939357612163	2.40773328140421	2.16114814575928	1.67209491256447	3.3282619326491	3.45496656245878	3.85505506056566	3.58724661835832	2.47619535709449	2.27572852764799	1.82321749347239	4.13482316117139
"9"	ENSMUSG00000015090	Ptgds	protein_coding	25466709	25470046	2	-1	chromosome	prostaglandin D2 synthase (brain) [Source:MGI Symbol;Acc:MGI:99261]	ENSMUSG00000015090.13	ENSMUST00000015234	Ptgds	19215	UP	Rhythmic	1.79845667798909	1.20454698517674	11.8711708419665	1.94864495074031e-20	3.11606958078977e-19	35.7515920210801	UP	Rhythmic	Rhythmic	0.000590196036940123	6.64250690359207e-05	24	2	0.526303875395878	0.713705560216207	2.75798012011495	3.19058446764869	3.45780855075293	4.02559430645994	3.38787065007571	2.74543130061409	3.45523344675772	2.90345213149004	3.60410672382066	3.23422109988775	2.83944593253262	2.69051435430843	2.53261741450155	0.856606276136109	3.51993318298428	2.64797305936509	2.84589619678353	2.30217342006839	2.4675834598755	1.75430724712304	2.19595176985332	3.52999582145987	2.36169471273825	2.89861075610789	3.80762249531214	3.99557345775432	3.15537082220661	2.96356355753694	3.03962510177403	2.08566459486802	2.91772023660109	3.33234580679057	2.79514522126799	2.37072571799726	1.70990342771227	1.80905145660136	2.82631562827707	2.00130918534995	2.55373097278841	1.4853794216187	1.87260153356066	0.833421960871625	0.742995053122291	0.365854029860284	2.20420537959716	1.54671289239401	2.03996055842467	2.30698121726945	3.17145406242674
"10"	ENSMUSG00000025185	Loxl4	protein_coding	42593982	42612813	19	-1	chromosome	lysyl oxidase-like 4 [Source:MGI Symbol;Acc:MGI:1914823]	ENSMUSG00000025185.14	ENSMUST00000164786	Loxl4	67573	UP	Rhythmic	1.75364401188524	0.0967677364501421	21.6479276981666	2.09893355332959e-38	4.9016038848227e-36	77.063090161213	UP	Rhythmic	Rhythmic	3.5378346120947e-10	3.17281766132756e-12	24	0	1.22271804373055	1.3818552702	3.06607758642258	2.34299301345959	2.44812336045441	3.35210037997738	3.18185834448732	1.26802144664563	1.25911121691423	1.82333013133705	1.36164597446909	0.224815058997986	0.85539961298015	-0.386525811958254	0.0941456909350059	0.593320506643365	-0.608107048453212	-0.764077380153082	-0.617594000655331	0.250652244419797	0.218014194162431	0.321667161926598	-0.006136146806883	1.85812199572154	1.63376234000222	1.98159315525547	1.052801456573	1.84575275612544	2.15347917763048	2.77414159605634	2.79401835486497	1.66708411421221	1.74084668742973	1.18131404354916	1.42102569916353	0.197845904397179	0.12033584901698	0.565631356110746	1.06124639700556	0.567374023358742	-0.150907204090463	-0.546587176600589	-0.539573815989338	0.729977364252542	0.289692571788662	0.33413390580663	-0.45602704396441	0.671176266453295	0.111302815187668	1.32077236693348	1.68823749919002
"11"	ENSMUSG00000025936	Gm4956	transcribed_unprocessed_pseudogene	21285246	21298312	1	-1	chromosome	predicted gene 4956 [Source:MGI Symbol;Acc:MGI:3647976]	ENSMUSG00000025936.15	ENSMUST00000178869	Gm4956	NA	DOWN	Rhythmic	-1.74089928974231	2.69471349033267	-11.5539660337129	8.96478883253507e-20	1.3115507255353e-18	34.2277265539957	DOWN	Rhythmic	Rhythmic	0.000117607540178593	9.56861864424683e-06	24	22	0.815856902399865	0.853027117375166	2.92764007378093	0.550133843646124	1.77661394524247	2.64151096016904	2.46379281521396	0.654822299699892	0.363718550046186	0.412207119958437	0.567034266512354	1.03248135126967	1.14857668988099	1.03333927567074	1.03536202350939	0.463108550548435	0.972970935812342	0.362796605340065	1.97920331142415	2.39346755147535	1.39105579561985	1.83910697840199	0.627484999076316	2.78690618391545	1.23074732666165	3.13694658590509	2.28995561343602	1.93630023499325	2.12018404102396	1.09867271865129	1.69444219808693	0.309419521910229	1.14024216672036	1.11843540108925	1.1640919606452	-0.809819557427448	0.0769759198832148	-0.202821988191892	0.802565474817855	0.220174082227284	-0.245461909499691	0.206192423954865	-0.431640641121189	1.01247321970674	0.434518098411017	1.2129600988354	1.84976893841443	0.893342747931664	1.84934364073791	1.8874036260949	2.0144183459594
"12"	ENSMUSG00000002250	Ppard	protein_coding	28232700	28301474	17	1	chromosome	peroxisome proliferator activator receptor delta [Source:MGI Symbol;Acc:MGI:101884]	ENSMUSG00000002250.16	ENSMUST00000002320	Ppard	19015	UP	Rhythmic	1.69771514644536	3.63248371827102	16.5734474303087	1.02584535722471e-29	6.31685969471155e-28	57.0982088012226	UP	Rhythmic	Rhythmic	2.00271112268178e-05	1.24593000279952e-06	24	0	0.857833021424078	1.11676341771928	25.5227682946385	6.31692238533501	6.27424071617405	6.17177752950842	6.65593113639616	4.26426835845213	4.51986332659879	4.10672980044006	4.51242128869075	3.69850237527669	3.53795938812814	3.74498554441912	3.42418218909664	4.20443685771087	4.37421593697127	3.87583688758774	4.03756276671042	3.91365733196202	4.53498322050036	3.79764124492486	4.58916699421436	5.55769099386826	4.88637849010586	5.80023118860136	5.91316302982712	5.61894034603131	6.4408346577679	5.78755836899818	6.36859348773239	4.5570654132146	4.37356893513388	3.86199253328489	4.1071186858696	3.61397290073145	3.96886590985858	3.98742486658029	3.16299662063164	4.14152943140417	3.69643373264128	4.13603308151727	4.10720310380161	3.8205243769002	3.93189413691186	3.93875080465437	3.45215809856364	3.88305208917109	3.97267989148965	5.58046097019633	5.20431748042956
"13"	ENSMUSG00000023067	Cdkn1a	protein_coding	29090976	29100727	17	1	chromosome	cyclin-dependent kinase inhibitor 1A (P21) [Source:MGI Symbol;Acc:MGI:104556]	ENSMUSG00000023067.14	ENSMUST00000233296	Cdkn1a	12575	UP	Rhythmic	1.67106991534899	2.86687831192226	13.5291899781797	7.79838280957398e-24	2.06240564175421e-22	43.5671134971367	UP	Rhythmic	Rhythmic	1.38346214894572e-10	1.02834707686036e-12	24	0	1.76626413604112	1.70378726259633	27.4105185742685	8.16378967602405	7.43547915785043	7.23900241211747	7.47296749623687	6.63855040989966	5.41485215677874	5.01130982850694	6.23200900562317	4.33924074155494	4.48031777199489	4.41564508373471	3.89609723199358	4.74100597768776	4.02606858041123	4.41647621165816	4.44836228979532	5.6249520443214	6.08211488405438	5.17329576018022	6.42328964593474	6.00778209378697	6.97819246791744	6.71008387636925	8.05344739228124	7.37212145148935	8.04151047196911	7.69573310360301	8.10057877346167	6.2972929586657	6.46272771527267	6.15232830065218	6.36690142372916	4.50087198670535	4.28666256573287	4.76573745329734	4.21888692011729	4.95587704115487	4.24771078810411	5.3722018813773	5.42037433361482	5.65528108193394	6.02898889449269	4.92175958221333	6.70898824252903	6.48467703012603	7.84308987268039	7.54846883404709	6.45163113812392
"14"	ENSMUSG00000027513	Pck1	protein_coding	173153048	173159273	2	1	chromosome	phosphoenolpyruvate carboxykinase 1, cytosolic [Source:MGI Symbol;Acc:MGI:97501]	ENSMUSG00000027513.11	ENSMUST00000029017	Pck1	18534	UP	Rhythmic	1.63214574647023	10.4570490994048	11.3733673946241	2.14504526495568e-19	2.9763705430893e-18	33.356757246887	UP	Rhythmic	Rhythmic	1.82182221727295e-05	1.11278791004149e-06	24	12	0.663542073603263	0.941782951565838	2334.45545523252	10.7011642400215	11.6978623453559	12.0069957878815	10.5716242605714	11.9602394781996	12.0970663971877	12.5540756534477	12.5878245735439	12.6061859212654	12.57551988201	12.7986290792374	12.7030685969287	13.4346606873185	13.1652313662107	12.3435326404216	12.9577735393742	12.1462492063928	10.8395223740301	11.7047427874978	12.2222100686869	10.3288562430974	11.521703465111	11.2202514548956	11.4924697634109	12.0191558272977	11.4897515538016	12.1611247033741	11.3043895370972	11.9527844485988	10.7270250126013	12.4902124421863	11.867840311458	12.0283659235083	12.9443304213875	12.6463600290723	13.4335176268312	12.943538527133	13.3671137490613	13.3782955127434	13.4648652442273	11.4763831640747	10.4319221512353	11.858500910461	12.3658813299746	11.9008264651867	12.5925926988689	12.076481006853	10.6992960749682
"15"	ENSMUSG00000026475	Rgs16	protein_coding	153740349	153745468	1	1	chromosome	regulator of G-protein signaling 16 [Source:MGI Symbol;Acc:MGI:108407]	ENSMUSG00000026475.7	ENSMUST00000027748	Rgs16	19734	DOWN	Rhythmic	-1.6019953741518	3.63631301306635	-7.56136389509341	2.56185533081913e-11	1.30701085859639e-10	14.8429896579533	DOWN	Rhythmic	Rhythmic	5.46863442542505e-09	8.70421735322562e-11	24	10	1.77752856062999	2.39044930016511	32.1462693580797	1.8625430246313	1.37127274650836	0.853718227797896	0.682765943539712	1.9016303700162	2.0084420210506	1.3476880658421	2.79218160520802	4.78170367610622	4.69068994969746	6.6916080650895	6.47319936114313	4.29547244094318	4.55688746763112	4.5512888843958	5.13957460118221	2.65637015676227	1.45403822640023	2.95361339535032	3.36168580084674	0.248548181962931	1.29728895206652	0.172426514768395	1.94529088624275	2.10857885931568	1.50177380532939	3.27708606680374	2.4918927785039	2.92562740161302	4.33746380891366	4.4721529307841	3.36213129915604	6.21503580311123	6.29234498336267	5.40489351249055	4.38793348128418	5.11582524295785	6.00831472354605	6.46032396568421	6.51583825110124	2.22271663782769	2.88620187906564	2.74393585263756	2.16018206387653	2.53840151711564	2.08435348479805	2.97834235592803	0.780180431047105
"16"	ENSMUSG00000038754	Elovl3	protein_coding	46131897	46135694	19	1	chromosome	elongation of very long chain fatty acids (FEN1/Elo2, SUR4/Elo3, yeast)-like 3 [Source:MGI Symbol;Acc:MGI:1195976]	ENSMUSG00000038754.5	ENSMUST00000237098	Elovl3	12686	UP	Rhythmic	1.59970033881792	7.12190664103224	8.79569422544065	6.41571452253625e-14	4.39442715248651e-13	20.7897945918801	UP	Rhythmic	Rhythmic	4.90889429230299e-14	9.91535568454188e-17	24	2	1.22222281236323	1.68357142435179	554.980562576825	5.42737739545575	5.67908827144884	6.52604985785896	6.37319584364328	5.60999340549174	5.80596618900253	5.66863167104013	5.75323880108714	5.26838373243011	4.64322516414278	4.32825696595766	4.29396415843954	3.0668426171834	2.89197262992519	2.86171328438526	2.81236764739921	3.4879244896205	2.8046108345776	2.9813381911521	3.09431119877783	5.55672874868509	5.06061783090733	5.32201996990343	4.45140105193121	6.22060386858242	6.38577493149324	5.93424890304105	5.83746414955743	6.28212704889456	5.83343869510183	5.97019456032548	6.20620701564274	4.5943671723682	4.36650606899995	4.95820552930139	4.65326456538599	3.17288840184991	3.51253216668947	2.68800136607871	2.83623909206834	3.13534795221181	3.57431313299688	3.11967046001993	3.67629993005567	3.70492211919204	5.51384901661516	5.65216605258977	4.55291713522145
"17"	ENSMUSG00000038550	Ciart	protein_coding	95878503	95882251	3	-1	chromosome	circadian associated repressor of transcription [Source:MGI Symbol;Acc:MGI:2684975]	ENSMUSG00000038550.10	ENSMUST00000159739	Ciart	229599	DOWN	Rhythmic	-1.57582496982034	2.77761245338379	-14.0883419005697	5.95813802700114e-25	1.81188880491875e-23	46.1370008887082	DOWN	Rhythmic	Rhythmic	1.06046387765271e-12	2.91312691606949e-15	24	14	2.71897161028646	2.64304908564389	21.483150825606	-0.0211625243942931	0.344029123419356	0.467723971476976	-0.279671797293767	-0.148053612124159	0.360092479035645	1.32405020135722	1.47623039658	2.83164446027702	4.40209793984607	4.36322643298283	5.18505420254958	5.45303268523263	5.41051429091604	5.38896791491179	4.86808835339527	3.8713419388541	3.77273130255506	4.33536633473445	4.08298820108785	1.43441626271176	1.15554093720125	1.71768366915251	1.18872194841606	-0.0869706304929062	0.455499462261494	0.825097791983776	0.840368791422223	0.687524852371268	0.480587404916817	0.352753271290692	2.19809825699804	3.61004385095982	3.38003278925581	4.14938735207901	4.08201897817219	5.60362427527357	5.16679730331851	5.12558516818394	5.64553793189975	3.71981424927991	1.82631534291443	3.89940102181289	3.55647700011917	1.03945378224797	1.14404111581604	1.45955940616299	1.55725828139739
"18"	ENSMUSG00000028716	Pdzk1ip1	protein_coding	115088708	115093899	4	1	chromosome	PDZK1 interacting protein 1 [Source:MGI Symbol;Acc:MGI:1914432]	ENSMUSG00000028716.15	ENSMUST00000171877	Pdzk1ip1	67182	DOWN	Rhythmic	-1.55303969122403	4.05237266208615	-12.1872287186307	4.29553572445813e-21	7.49870883802797e-20	37.2617483408948	DOWN	Rhythmic	Rhythmic	0.000290869944065113	2.84830227201193e-05	24	6	0.47020761986158	0.650905235712728	5.58017527410304	3.31068716786032	3.17775686549383	3.08186429560858	2.07165291643222	3.94307383690518	3.87559354900321	2.52117590923143	2.73747926010759	2.65554841831325	2.36188346466278	3.08459490272835	3.79244007671818	2.21137619861574	3.42097473699101	2.33424415863785	3.32943926895495	2.39380952664357	1.78502195222888	2.98380243087774	2.15139854236966	1.83583510292945	3.23621204384003	2.64728057402327	2.55509197099452	2.86517442356457	1.96865143253273	3.26237607178195	3.82351465144768	3.48766664502228	4.21919896682228	2.90959582402387	4.01390048812552	3.15458927396457	2.61668834984214	3.62802474264483	2.59236519736262	2.01849175700885	1.83935475780956	2.0228260462878	2.09584146810132	1.67003052498599	2.40653871926675	2.2879419682203	1.76627696514876	2.15742464927658	2.04873134017008	2.31408576609995	0.810582624922269
"19"	ENSMUSG00000040675	Mthfd1l	protein_coding	3973118	4167081	10	1	chromosome	methylenetetrahydrofolate dehydrogenase (NADP+ dependent) 1-like [Source:MGI Symbol;Acc:MGI:1924836]	ENSMUSG00000040675.17	ENSMUST00000120585	Mthfd1l	270685	DOWN	Rhythmic	-1.47648120615638	1.71433948841711	-13.0472146595868	7.36280908397853e-23	1.7033549164935e-21	41.3238371970155	DOWN	Rhythmic	Rhythmic	7.73737955605559e-08	1.9629451245063e-09	24	16	0.571088235670038	0.8762603676893	1.6206022285766	1.5918279348407	1.53342496031631	2.56225101152708	2.69710466650856	0.690041424907408	1.34756553179744	1.37516973335289	1.20434419160383	2.09620203172501	1.82668210641549	2.70971966862361	1.98428660014044	2.34016224046763	2.10846376702747	2.63432283461178	2.18523917032882	3.9687605374144	3.15502077959419	3.90880167397688	3.16965859511257	1.86889856446769	2.39201720840142	2.92644201185313	1.96811698024008	1.6790721291408	1.80762421105915	1.57768523286316	2.32678703422808	-0.0311846511294565	0.700089394497875	2.0985105787644	0.885413827205996	1.6794429702561	2.05948852897215	2.04504729920871	1.60774531576518	3.1875922300783	3.92650738303967	2.94392888919127	2.5934745287437	3.09464442676579	2.2734141054146	2.43632027729951	2.66757404408886	3.14691432096803	1.45818808467954	2.19696871115156	3.46033881333325
"20"	ENSMUSG00000041653	Pnpla3	protein_coding	84167837	84187236	15	1	chromosome	patatin-like phospholipase domain containing 3 [Source:MGI Symbol;Acc:MGI:2151796]	ENSMUSG00000041653.5	ENSMUST00000045289	Pnpla3	116939	DOWN	Rhythmic	-1.42496508319039	1.96175305261613	-5.94535551739386	4.60909919260763e-08	1.61240307255242e-07	7.44599546292786	DOWN	Rhythmic	Rhythmic	0.00298513958545362	0.000447397101964649	24	20	1.15844212051192	1.00830000351879	2.3485748313678	-0.708217096357498	0.890220362682342	-0.059362269091018	1.38838618295088	-0.891241046061653	-0.609829435011758	-1.663018975442	-0.542004938136649	-0.0519194010818466	-0.67509334861856	-0.868773984472676	-1.07000351777959	-1.17601886763898	-0.226927790866425	0.637659077011035	1.11381067256171	1.49750568639907	1.43589342439402	2.47596337672131	-0.0286532354267162	1.66162294810626	0.428403043792751	3.83723993493911	0.769510573579532	-0.178000675591256	-0.0361592149421326	0.444060922817246	2.17195939038629	0.34135104929875	1.71244432559681	-0.667027435078142	1.57645618199706	-1.04742296909444	0.115248557213928	-0.704426345354933	0.169494252783192	-1.05404971283089	-0.225802104422554	0.509776873336292	-0.108765391820054	1.28612451603624	2.72727722286732	1.57270712706992	1.51801936729817	-0.570553221129565	-0.672523126130253	1.87150082487389	1.01248220685361
"21"	ENSMUSG00000085772	D630024D03Rik	lincRNA	31790113	31824524	11	-1	chromosome	RIKEN cDNA D630024D03 gene [Source:MGI Symbol;Acc:MGI:3041224]	ENSMUSG00000085772.7	ENSMUST00000126265	D630024D03Rik	NA	UP	Rhythmic	1.41461011102491	1.51849703892347	13.6343624943402	4.79437375278967e-24	1.30131499864644e-22	44.053220061166	UP	Rhythmic	Rhythmic	1.63845977521935e-10	1.24436631550956e-12	24	8	1.05417320642678	1.08337057414273	5.25835955193683	1.41090527148515	1.06135439394507	0.883388950009974	0.962225612852416	1.87208067432176	2.41246297274055	1.96983066447376	2.40894188546216	2.33810009169478	2.42548207404482	2.3314519695141	1.76782074410465	2.60787413369223	2.7021081102267	2.09038883554364	2.09744859004138	0.115141403455147	0.877088347223644	0.677750149161633	1.2227371445104	-0.631049395094373	0.579471177369089	-0.0053720208103506	-0.271414230856798	1.21214449544245	1.48911321465061	0.949036826037828	0.616522906613197	1.96755750649417	1.73335851040691	2.04077475669253	2.06945882711794	1.61192005013392	2.01702325537774	2.9770392515852	2.08650164833002	2.1736953920766	1.75630184517147	1.26198444839395	1.96580374583349	0.782378377787588	0.291241148320984	0.837069396359933	1.26508591192892	0.0409947157588986	0.525363923458207	0.341251968483565	0.0648913244928561
"22"	ENSMUSG00000028555	Ttc39a	protein_coding	109406623	109444745	4	1	chromosome	tetratricopeptide repeat domain 39A [Source:MGI Symbol;Acc:MGI:2444350]	ENSMUSG00000028555.15	ENSMUST00000106618	Ttc39a	230603	DOWN	Rhythmic	-1.4126674873336	1.68775625757894	-12.6477359212895	4.82360230658158e-22	9.78716815550166e-21	39.4459474885111	DOWN	Rhythmic	Rhythmic	7.73737955605559e-08	1.9629451245063e-09	24	18	0.680839664855004	0.809904908135945	1.44490696033724	2.28905733631287	1.58993579703566	2.43208437698016	2.51410669323952	1.68140401449597	0.402067352160038	1.04412253878915	1.32896917429887	1.37603921095143	2.25020256813187	1.52225593045445	1.20252985050084	1.34677039551829	2.79351930890332	2.05122622000066	1.9788137981914	3.48808701490641	1.39214966952918	2.41870631016626	3.04418082597012	2.69287306833669	2.02381819532895	2.67552400143143	2.82444649723826	1.27798209955362	1.87091337653594	1.80888135992627	2.00406214878706	0.513421407843239	0.399507692774302	0.332116670233049	0.516173646501545	2.03150669379309	1.2489019936679	1.13038914765397	1.51347997838699	1.42461736430077	2.44622884565016	2.42813675998565	2.05743145561524	2.42558830060982	2.96151612626308	2.33188590175784	2.27995137487337	2.19018322621839	2.06826001840855	2.62290234621909	2.4345526269216
"23"	ENSMUSG00000026077	Npas2	protein_coding	39193731	39363236	1	1	chromosome	neuronal PAS domain protein 2 [Source:MGI Symbol;Acc:MGI:109232]	ENSMUSG00000026077.15	ENSMUST00000056815	Npas2	18143	UP	Rhythmic	1.35055842634964	-0.10252957048868	14.7115140183799	3.5419824637955e-26	1.26702650157217e-24	48.9577431464983	UP	Rhythmic	Rhythmic	3.02223197633788e-10	2.63715806289482e-12	24	2	1.24110555690534	1.78057617831768	3.54773770874476	2.62034217439757	3.27078944004556	3.4110730185296	2.50696926756477	2.42272067457029	1.91417988109906	1.54497384171334	1.88673008065653	0.24831018202666	0.0940176713332437	-0.317485733692867	-0.766495053232322	-0.730236497087304	-0.583401579682207	-0.701250122975724	-0.591436815638898	-0.711610334576515	-0.117747275999117	-0.766267726655746	-0.637134855694499	0.639800313314554	0.0786957123573771	0.821257470309374	0.481068532178114	2.07239035924342	2.32064324646391	3.11033440090322	2.08597602806064	2.90193822250999	2.45245969358673	1.45083966501317	1.68047896627534	0.265537648923223	-0.637622392769549	-0.608854770413023	-0.259127844819248	-0.776540589377215	-0.701482548671997	-0.537204873807177	-0.535242641870894	-0.123870785960918	-0.674599658641875	-0.650869649638163	-0.924761267075814	0.707640744168185	0.135166309351424	1.19668832042583	-0.796789009844911
"24"	ENSMUSG00000020131	Pcsk4	protein_coding	80321283	80329498	10	-1	chromosome	proprotein convertase subtilisin/kexin type 4 [Source:MGI Symbol;Acc:MGI:97514]	ENSMUSG00000020131.14	ENSMUST00000020340	Pcsk4	18551	UP	Rhythmic	1.34821029824969	5.39600642513927	27.7730709133363	3.01164007333209e-47	2.86731301443318e-44	97.2981354912194	UP	Rhythmic	Rhythmic	3.40487774207776e-16	3.02606893131255e-19	24	14	1.18741649233441	1.35306711172319	106.700093727677	5.20994350630322	5.32701801630161	5.10890441978685	5.29716248909981	5.36591874982774	5.38710966942245	5.57740754532558	5.67034500555714	6.41261159300012	6.97274224235635	7.25933941406464	7.20184609422829	7.39776039541952	7.36619748859092	7.40374045691353	7.36903305855445	6.89127850053602	7.08476041923237	6.91252063147678	6.8939877891644	5.55009384687776	5.68097419744572	5.69339418905549	5.46651118572663	5.10668711745306	5.33719521818031	4.99763944472189	5.25940664733901	5.49551785751688	5.40934524745909	5.52739669982437	5.67908926474902	6.89940145271215	6.94227362019628	7.29365963929697	6.6283465879073	8.13591110993294	7.96227154470125	7.47987368894395	8.00075457343289	6.91293128621873	6.75201590083927	7.05522065487401	6.78247579565915	5.41982023065274	5.81683051542904	5.6983427702308	5.57806879413059
"25"	ENSMUSG00000024843	Chka	protein_coding	3851773	3894369	19	1	chromosome	choline kinase alpha [Source:MGI Symbol;Acc:MGI:107760]	ENSMUSG00000024843.15	ENSMUST00000025760	Chka	12660	UP	Rhythmic	1.33082822697424	5.46970770436929	18.7503687211462	1.30570560670061e-33	1.56900177612947e-31	66.0548674141711	UP	Rhythmic	Rhythmic	1.20578042333289e-18	9.74210570681821e-23	24	0	1.52232476441231	1.75608240240357	163.49692240159	8.19617118475807	8.463422286282	8.18299514087333	8.86393065683665	7.49335111310188	7.33041730867112	7.58584180002898	7.49222526117998	5.57069478727602	5.18769858635497	4.84496764240053	5.38609172563189	5.31014074136283	4.79262103538667	4.83719201639186	5.18750358680034	6.20549348540984	6.20189864175979	5.76820671000664	6.26292959644933	7.72358711544434	7.08920115753005	7.58924128915657	7.63271787893773	8.11085801736401	8.25584001808752	7.84405638616951	8.28728229767968	7.40811203482994	7.84013210173265	7.11398739911676	6.92548626453311	5.84620465472165	5.50728542365342	5.11102367072006	5.65837139191886	4.44996086567238	4.8384861694777	4.66263235227393	4.57725948224196	6.24934148724807	6.26154229615562	5.97733851213267	6.14471086521256	8.09507361848537	7.50494573436414	8.10066396967777	7.63373254353241
"26"	ENSMUSG00000085873	Ttc39aos1	antisense	109403794	109406155	4	-1	chromosome	Ttc39a opposite strand RNA 1 [Source:MGI Symbol;Acc:MGI:3651956]	ENSMUSG00000085873.1	ENSMUST00000150239	Ttc39aos1	NA	DOWN	Rhythmic	-1.30746289275989	0.688535093083422	-10.957510554756	1.61317233662474e-18	2.00665668446276e-17	31.3430291775085	DOWN	Rhythmic	Rhythmic	9.81308323483683e-05	7.79369865059756e-06	24	18	0.538463066795651	0.6591990956095	0.583076218298169	0.447533401586477	0.777183658018412	0.733033040020738	0.81169773663766	0.312711992609248	0.990033079434342	0.309502803952304	0.858485636754128	0.37893217164117	0.991155474266779	1.14838350240398	0.0165857225100563	0.927219675444058	2.25164762736576	0.956672095642492	0.985396117864142	1.58425328254351	0.93637237060573	1.60847790673718	1.75492238799449	2.39870165131919	2.29520835145683	2.30091076409637	1.09176155432509	0.104463933844858	0.272243863784256	0.241620253029735	0.318337306683136	0.405322131435564	0.319518193689865	0.208341772535642	-0.0979810076630016	0.0201022538823863	0.349233692051803	0.983717743693985	0.415211640003139	0.70539038602994	1.13883248438144	0.91481032015136	0.813061268885114	1.95817714018571	0.292690178364851	1.4325017973158	1.64463936664014	1.31042025639401	0.36644408443101	2.068278304206	2.11119495124054
"27"	ENSMUSG00000059824	Dbp	protein_coding	45705088	45710203	7	1	chromosome	D site albumin promoter binding protein [Source:MGI Symbol;Acc:MGI:94866]	ENSMUSG00000059824.12	ENSMUST00000080885	Dbp	13170	DOWN	Rhythmic	-1.30363992092047	6.56668580884896	-14.1296632694757	4.93401295966029e-25	1.5153418958242e-23	46.325476360006	DOWN	Rhythmic	Rhythmic	5.20228662505655e-17	2.52191320597393e-20	24	12	3.24859792538652	3.12578808809396	482.988567321046	2.68030494074605	3.23561308886165	2.58997019500679	2.96927006579739	4.56313584234564	5.54702742071658	3.30228547077035	5.4402527459647	8.01949438461108	8.22620134557749	8.5179931221324	8.63366765119136	8.62249794355183	8.3774902363558	8.55180138342615	8.41678789363304	7.01501503643919	6.47058793483961	7.42599122646943	6.462452916438	4.25152393801985	3.61099740171896	3.89516274843888	4.19767491768997	2.54143063873882	2.49527257031277	2.18484540512343	2.19393187345262	4.02814988046138	4.62790811040804	5.2903322208013	5.44495766012234	8.2578481629185	7.93297869397395	8.27996405307959	8.48236937870167	8.52472545555105	8.83759902366549	8.15784452094226	8.26117225176977	6.55361779067338	5.95513360910268	6.60591920851284	5.8729031593146	4.64070940817787	3.70078744251018	3.73503539485945	3.97093630468152
"28"	ENSMUSG00000022389	Tef	protein_coding	81802421	81826863	15	1	chromosome	thyrotroph embryonic factor [Source:MGI Symbol;Acc:MGI:98663]	ENSMUSG00000022389.15	ENSMUST00000023024	Tef	21685	DOWN	Rhythmic	-1.25172796464725	6.9794667691073	-27.2727456301254	1.39016131296463e-46	1.0753766606602e-43	95.7824539107775	DOWN	Rhythmic	Rhythmic	7.62303099103341e-18	2.46361185781156e-21	24	14	0.947004381444163	1.2376330991858	113.686704067354	5.06469766291216	5.32521495133288	5.41091931426835	5.29674947233704	5.22647041921857	5.65584166935502	4.83526807822967	5.39615459786578	6.74452900938487	6.97437250547445	7.26897676079675	7.21878562282932	7.38068700716788	7.52705132268251	7.46754473256887	7.43101409032904	7.02686801449215	7.13999144199725	7.13975078009679	7.3222694146442	6.27197291435896	6.61916097256213	6.35374105166389	6.10288821339694	4.84441888027895	5.53484517806048	5.3241913759105	4.88233100406634	5.52623798810276	5.38044642984129	5.5588724568351	5.67261624833862	6.64841616077684	6.92675532014357	7.04247933746463	7.12746757311189	7.86851984140639	7.79303239155096	7.25158616523394	7.49856015138683	7.07502536996098	6.7659919843656	7.07339933189782	6.9207154857044	6.24426749491808	6.32646421004583	6.00423305061408	6.05592124535958
"29"	ENSMUSG00000040584	Abcb1a	protein_coding	8660077	8748575	5	1	chromosome	ATP-binding cassette, sub-family B (MDR/TAP), member 1A [Source:MGI Symbol;Acc:MGI:97570]	ENSMUSG00000040584.8	ENSMUST00000047753	Abcb1a	18671	DOWN	Rhythmic	-1.24385616472175	2.4380118454821	-12.0515242888072	8.21327707308983e-21	1.3572193635999e-19	36.6143910171978	DOWN	Rhythmic	Rhythmic	5.17835976118583e-05	3.73618426657425e-06	24	16	0.670282722291798	0.724409493030199	2.28964604812547	1.83344950145445	3.39483460293166	4.04716729628568	2.66566215836126	2.8972677133737	2.74706627863777	1.99631743019193	2.41231056892985	2.76439792007652	2.64364964327821	2.94752655013033	3.80701289046334	4.09626402796302	3.6582433329979	4.69836507860829	3.97568264804479	2.96949766615007	4.01009457025044	3.7332977819612	3.39788257706179	2.54453390468014	3.51509860182342	3.64777659226948	3.50641944919766	1.96654660641927	2.79873412389974	2.93129931536559	3.21700569032552	3.14581769197312	2.637962414351	2.66708388623984	2.32865432973608	1.91356733822482	2.54395637168722	2.22333853163273	3.33209714194351	3.41987196741873	3.83282953511668	3.81723438891386	4.27633192986878	4.50125232084342	4.42744014258267	4.09310253155038	4.0395784293561	2.66983322332494	2.99296272371881	3.34208628088999	3.79532920489547
"30"	ENSMUSG00000032010	Usp2	protein_coding	44067021	44095627	9	1	chromosome	ubiquitin specific peptidase 2 [Source:MGI Symbol;Acc:MGI:1858178]	ENSMUSG00000032010.15	ENSMUST00000034508	Usp2	53376	DOWN	Rhythmic	-1.23039544974586	5.45898808509775	-10.6181597044851	8.43508363881691e-18	9.55178684333366e-17	29.6926208755693	DOWN	Rhythmic	Rhythmic	4.90889429230299e-14	9.91535568454188e-17	24	14	1.87175994881263	2.31932664641732	116.37088604817	3.4718498699943	3.0417477182339	3.0995308557184	3.74728825110578	1.08231509098802	1.59700652228783	1.89234363514429	2.29218799666755	4.90060352244776	5.62524153437183	6.17495877591404	6.25338990474369	6.90322496775335	6.96634384739444	6.62491020626708	6.58105769016056	6.42354090764692	6.03346671978138	6.35847557713142	6.62907536432366	4.13796349738893	5.20427209517742	4.88598506239496	5.35462749613263	3.23559096331083	3.18129273579006	3.0772757788867	3.02809348523559	2.35310067331378	0.59939470804241	2.58157338705015	2.39796715034795	5.03400569083307	5.40148261041194	5.61831469544258	5.35947806872469	7.10723121642788	7.0112948956136	6.94426032042758	7.30506956472916	6.23185131512637	5.38589256583097	6.15802669961303	6.10068808067127	3.87447827990373	5.26825328390772	4.30666560389121	3.77271761069429
"31"	ENSMUSG00000022769	Sdf2l1	protein_coding	17130138	17132383	16	-1	chromosome	stromal cell-derived factor 2-like 1 [Source:MGI Symbol;Acc:MGI:2149842]	ENSMUSG00000022769.9	ENSMUST00000023453	Sdf2l1	64136	UP	Rhythmic	1.22759193486981	4.27628524244188	10.3354765881549	3.3604082330324e-17	3.46309514573206e-16	28.3140122062011	UP	Rhythmic	Rhythmic	7.4661534006896e-07	2.7989780867092e-08	24	0	0.656719597978174	0.831396386377907	22.5804919635037	3.98225501961524	4.35731572317616	4.89715000016005	4.51587004018621	3.6606833653169	3.00955721146692	4.44536501396283	3.58882364059364	2.89363835396367	3.47445639897606	3.22653576658833	3.0535132574783	3.50129957741154	3.22687639073938	2.77023905672577	2.73980683006845	3.81285814524362	3.99393436769095	2.78521893658271	3.47593311913962	4.8619010616531	3.42832875693377	4.29570494075412	4.10753397885003	4.25118236767869	3.9720000871637	3.921169414542	4.12598078352533	3.88762374882476	4.38100184921235	3.84675972210318	3.33809455162473	3.30536406683845	3.4236706641551	2.63367208199659	3.47962663406298	2.42247723265493	2.65728859476141	2.05510099955445	2.55147284997494	3.49687810172894	2.71568294486757	3.50863032579134	2.92253158939517	3.19308459307033	3.70208621304209	4.05189865826498	5.40312288464056
"32"	ENSMUSG00000037379	Spon2	protein_coding	33198184	33218455	5	-1	chromosome	spondin 2, extracellular matrix protein [Source:MGI Symbol;Acc:MGI:1923724]	ENSMUSG00000037379.7	ENSMUST00000046186	Spon2	100689	UP	Rhythmic	1.20394931651106	3.46604706060981	11.6277375060928	6.28171777065948e-20	9.41269017523636e-19	34.5828210423462	UP	Rhythmic	Rhythmic	6.035846931353e-12	2.68216515491973e-14	24	4	1.18119739656734	1.50557330703725	30.0542284103517	5.68655913893916	5.79809593565902	5.31626776966773	4.53208972921589	5.70880249733244	6.02823915134181	6.06208008479063	5.70398909693496	4.90384306483918	5.19338922072031	4.14114613367171	4.00567926875643	2.9888474102267	3.76416178920001	3.37998896062542	3.66696637702932	2.17314693681289	4.11075177706945	1.78936148375137	3.27589200418121	4.30710188310683	4.78629848044934	4.2376869449074	4.65325663956173	5.13248981015722	6.1892446736638	5.76463924235664	6.17554138612956	5.85139049118746	5.84487946321572	5.37460823867091	5.82537650381697	4.95657521190345	4.93473645533993	5.25559947541904	3.97344408187177	3.82197184138102	2.57794507991863	2.48962369774226	2.77075015173772	2.7438413958519	4.00670826545064	3.2383514272976	3.06673811486598	4.22505260329946	4.89095091923048	5.16806541940174	3.51950077579119
"33"	ENSMUSG00000053559	Smagp	protein_coding	100621339	100636940	15	-1	chromosome	small cell adhesion glycoprotein [Source:MGI Symbol;Acc:MGI:2448476]	ENSMUSG00000053559.13	ENSMUST00000066068	Smagp	207818	UP	Rhythmic	1.17077150022726	5.40036817834172	30.3105184777564	1.77415374914722e-50	2.74483761914939e-47	104.655289926278	UP	Rhythmic	Rhythmic	3.34410087074183e-14	5.94410755080554e-17	24	4	0.545031192570936	0.626422176395162	34.3405399148956	6.50860085942296	6.32006718808204	6.20803687811729	6.17723177391867	6.65232659412005	6.47019488445208	6.56063757045712	6.58234867440809	6.25075269572076	6.42077958024828	6.08161017600425	5.85738895721499	5.51437398176823	5.73795012771304	5.5188526174328	5.69356379510276	5.23583272339894	5.35545602875129	4.97328367041022	5.52127283556618	5.75708919037077	5.66659758706427	5.53412869469904	5.6829872547882	6.48785929426061	6.21766003803523	6.35332706809892	6.28212353297598	6.47225752967827	6.25366154028565	6.23621883076267	6.22516847123187	6.21561765759424	6.21314069210944	6.12169077326069	6.04397853750361	5.35805813540595	5.68531961404612	5.57422810483745	5.42060611326889	5.29697536753397	5.272720885893	5.03065784845519	4.97166474076308	5.41323989425968	5.6206003557079	5.63516210487342	5.54072943897486
"34"	ENSMUSG00000034591	Slc41a2	protein_coding	83230848	83337882	10	-1	chromosome	solute carrier family 41, member 2 [Source:MGI Symbol;Acc:MGI:2442940]	ENSMUSG00000034591.5	ENSMUST00000039956	Slc41a2	338365	DOWN	Rhythmic	-1.16700246320933	3.88455550777467	-12.4758538852551	1.0883769261672e-21	2.07883352085979e-20	38.6330513135737	DOWN	Rhythmic	Rhythmic	6.73418703918581e-06	3.47672741216752e-07	24	0	0.46602855333686	0.613848334856314	5.16480566987915	3.09923038492615	3.32849949412903	3.49295085423817	3.53629112703036	2.46155700510055	2.38068428179615	3.09859235495883	2.73500759379205	2.75589146151765	2.21638687871877	2.48579131922292	1.73039387470768	1.65256506315996	2.69023898805708	1.95992168264537	1.29484997701508	2.07594369320995	2.06207152756395	2.40489171696964	3.01377255908191	2.7293205864956	2.38495152469124	3.0327022320072	2.44893380242141	2.87158795244637	2.79305991845065	3.41830907713205	2.8198935432729	2.49073958791032	3.18969791376331	3.04300989396724	2.66967355805995	2.60811719573443	2.025589596243	2.2245371600437	2.95058394985398	1.70631736290987	2.39643854996574	2.68871013329716	1.66570763894414	2.19816142130101	3.1064339192715	1.51310773201567	2.29598256974933	3.20066668334087	2.97184882903144	3.11278597382864	3.60788071826284
"35"	ENSMUSG00000018566	Slc2a4	protein_coding	69942539	69948188	11	-1	chromosome	solute carrier family 2 (facilitated glucose transporter), member 4 [Source:MGI Symbol;Acc:MGI:95758]	ENSMUSG00000018566.14	ENSMUST00000018710	Slc2a4	20528	DOWN	Rhythmic	-1.15990639859088	0.739616001918437	-6.13410852724652	1.98270157076589e-08	7.24318103346205e-08	8.27485418638235	DOWN	Rhythmic	Rhythmic	0.00474567064954589	0.000784107334436564	24	16	0.929472789678224	0.747562082844955	0.760854098213163	-0.190181351199598	-0.363731032501175	0.3325768314632	0.128274815493112	-0.274200042800422	-0.390579204378895	-0.289211092507464	-0.320695485183861	-0.357981279225925	-0.378352514694258	-0.339352728695441	1.10968391158604	0.374908718317567	1.07704554384584	1.69091233073763	1.45853182935284	3.33520994342294	0.283603050629736	2.45107525220064	2.78393921191436	0.284562185635133	0.520969078575844	2.31978406834031	1.00755011874405	-0.289428497001578	0.375343586900407	0.69031318093936	-0.292870296790774	1.10329137008	0.399492951543416	0.799537495993873	-0.359500542317052	0.269467200306551	1.01569573862438	0.977762981843262	0.151787521064855	-0.333766126217213	0.786326264239736	0.217600716387554	0.140531787804441	1.75861909926529	1.30770479693679	1.7898011356844	0.783674892005097	-0.648633516105988	0.332276108152827	1.70654954199987	-0.316634331198338
"36"	ENSMUSG00000038894	Irs2	protein_coding	10984681	11008458	8	-1	chromosome	insulin receptor substrate 2 [Source:MGI Symbol;Acc:MGI:109334]	ENSMUSG00000038894.7	ENSMUST00000040514	Irs2	384783	UP	Rhythmic	1.14009690192988	3.37485079516863	6.92292035471677	5.28230927133507e-10	2.31185084339866e-09	11.8486048440347	UP	Rhythmic	Rhythmic	0.000127797254629052	1.05938420658809e-05	24	4	0.801345465555139	0.867804391596237	12.9622951506041	5.9069816807325	6.27737265225706	5.51378852293455	5.03610401187699	4.62604900891311	4.66326974695954	5.56554467219077	5.37855215802043	3.37007688025042	4.37902284729123	4.66884106168571	4.3369720084932	4.54017986626608	4.48699160687521	3.90283038634273	3.73004151241065	3.77836458993255	3.44275979040804	3.52130746213985	3.41826490385869	4.60516946695764	4.04172831895798	3.49203719530585	4.41674939674764	5.63516591396764	4.42785645838791	5.55421766555941	4.02907793390258	5.29520874398965	4.85737349509164	5.03044613444162	4.65999655296962	5.11208776599037	4.88937431512185	4.81979751724628	5.83101006060532	3.77346170855064	5.18789168124499	4.36004415226149	4.02908738199816	3.2105740343752	2.74691862175581	2.69737463005862	1.21865404535539	4.13850298661597	5.6950769363086	5.7321856754919	4.18291394612299
"37"	ENSMUSG00000026691	Fmo3	protein_coding	162953800	162984528	1	-1	chromosome	flavin containing monooxygenase 3 [Source:MGI Symbol;Acc:MGI:1100496]	ENSMUSG00000026691.10	ENSMUST00000028010	Fmo3	14262	DOWN	Rhythmic	-1.13238766203193	0.517321856836105	-6.03631289597552	3.07353622694484e-08	1.09691920071789e-07	7.8439823122942	DOWN	Rhythmic	Rhythmic	4.32648724775477e-05	3.01319544927253e-06	24	20	0.516602367076754	0.585587959978712	0.494111802699619	3.68332064724282	3.43976973693807	3.46625241974062	3.38132976362394	3.05722964307976	2.23173302851143	3.64154580226152	3.34205458248965	2.5006611834675	2.99146138350373	2.51683896911727	3.52415910209838	3.20858411346022	2.9392625518544	3.01258444352547	2.26847751747197	2.89482662097554	4.11564400649116	3.41907039685528	3.71657631753471	4.30454858126971	3.99257807480356	4.49143801120286	4.22147667293508	4.52367214144478	2.68536520031149	3.8843088093474	2.93011771630073	2.78050442293744	2.82662989102603	2.93147809167538	2.3291332596751	2.42920651651592	2.86734263154368	1.68336339594131	1.96587565253418	2.56351817567872	3.49739066376705	3.39887850993437	3.35424310768932	3.93455148292812	3.87585000739229	3.7258592533576	5.19624211435911	1.71005191201795	5.64948948227194	2.73977733330901	3.60062070990349
"38"	ENSMUSG00000064247	Plcxd1	protein_coding	110099969	110105953	5	1	chromosome	phosphatidylinositol-specific phospholipase C, X domain containing 1 [Source:MGI Symbol;Acc:MGI:2685422]	ENSMUSG00000064247.14	ENSMUST00000086687	Plcxd1	403178	DOWN	Rhythmic	-1.07040420328335	1.0315858815948	-8.89752587160692	3.89591514340283e-14	2.73747314631259e-13	21.2859446638325	DOWN	Rhythmic	Rhythmic	1.00929202249066e-05	5.57773081832115e-07	24	10	0.708522272395703	0.726862211884469	0.944501479636871	-1.42117603946625	-1.28368444157512	-1.19120745279976	-0.534549851547135	-0.536996198136823	-0.140355285834415	0.422016347350453	-0.235603773293523	0.540246457624148	0.257938258941623	0.963306264318697	1.38426763025615	0.0566599343759264	0.963082368844694	0.112972639724489	0.467451955318272	-0.603607741698841	0.0894211443151105	0.212907691791133	0.110191194693665	-0.672418002478735	-0.105995276453346	-1.22778539009266	-0.626087167354524	-1.20877852863863	-0.182481099732929	-0.331060334528574	0.4813979476885	0.0952914406745216	0.677184796765882	0.496922325775452	1.0532169177637	1.07657768333251	0.59525326666704	1.69110720296748	-0.515091795671567	0.208608873731045	-0.126683060210546	0.307168132499874	0.833451099842013	0.164887530218898	0.252124618461748	-0.0479947211760248	0.854624474290872	-0.208676660462889	-0.282712110479877	-0.255455225991224	-1.19579331299853
"39"	NA	NA	NA	NA	NA	NA	NA	NA	NA	NA	NA	NA	NULL	NA	NA	NA	NA	NA	NA	NA	NA	NA	NA	NA	NA	NA	NA	NA	NA	NA	NA	NA	NA	NA	NA	NA	NA	NA	NA	NA	NA	NA	NA	NA	NA	NA	NA	NA	NA	NA	NA	NA	NA	NA	NA	NA	NA	NA	NA	NA	NA	NA	NA	NA	NA	NA	NA	NA	NA	NA	NA	NA	NA	NA	NA	NA	NA	NA	NA
"40"	NA	NA	NA	NA	NA	NA	NA	NA	NA	NA	NA	NA	NULL	NA	NA	NA	NA	NA	NA	NA	NA	NA	NA	NA	NA	NA	NA	NA	NA	NA	NA	NA	NA	NA	NA	NA	NA	NA	NA	NA	NA	NA	NA	NA	NA	NA	NA	NA	NA	NA	NA	NA	NA	NA	NA	NA	NA	NA	NA	NA	NA	NA	NA	NA	NA	NA	NA	NA	NA	NA	NA	NA	NA	NA	NA	NA	NA	NA	NA
"41"	NA	NA	NA	NA	NA	NA	NA	NA	NA	NA	NA	NA	NULL	NA	NA	NA	NA	NA	NA	NA	NA	NA	NA	NA	NA	NA	NA	NA	NA	NA	NA	NA	NA	NA	NA	NA	NA	NA	NA	NA	NA	NA	NA	NA	NA	NA	NA	NA	NA	NA	NA	NA	NA	NA	NA	NA	NA	NA	NA	NA	NA	NA	NA	NA	NA	NA	NA	NA	NA	NA	NA	NA	NA	NA	NA	NA	NA	NA	NA
"42"	NA	NA	NA	NA	NA	NA	NA	NA	NA	NA	NA	NA	NULL	NA	NA	NA	NA	NA	NA	NA	NA	NA	NA	NA	NA	NA	NA	NA	NA	NA	NA	NA	NA	NA	NA	NA	NA	NA	NA	NA	NA	NA	NA	NA	NA	NA	NA	NA	NA	NA	NA	NA	NA	NA	NA	NA	NA	NA	NA	NA	NA	NA	NA	NA	NA	NA	NA	NA	NA	NA	NA	NA	NA	NA	NA	NA	NA	NA	NA
