gene_id	gene_name	gene_biotype	gene_seq_start	gene_seq_end	seq_name	seq_strand	seq_coord_system	description	gene_id_version	canonical_transcript	symbol	entrezid	diffExpressed_fac	Rhythmicity_fac	logFC	AveExpr	t	P.Value	adj.P.Val	B	diffExpressed	Rhythmicity	test	Rhythmicity_lmrAMP	BH.Q	ADJ.P	PER	LAG	AMP	amp_lmr	amp_lmr_abs	Liver_WT_DD_CT0_A	Liver_WT_DD_CT0_B	Liver_WT_DD_CT0_C	Liver_WT_DD_CT0_D	Liver_WT_DD_CT4_A	Liver_WT_DD_CT4_B	Liver_WT_DD_CT4_C	Liver_WT_DD_CT4_D	Liver_WT_DD_CT8_A	Liver_WT_DD_CT8_B	Liver_WT_DD_CT8_C	Liver_WT_DD_CT8_D	Liver_WT_DD_CT12_A	Liver_WT_DD_CT12_B	Liver_WT_DD_CT12_C	Liver_WT_DD_CT12_D	Liver_WT_DD_CT16_A	Liver_WT_DD_CT16_B	Liver_WT_DD_CT16_C	Liver_WT_DD_CT16_D	Liver_WT_DD_CT20_A	Liver_WT_DD_CT20_B	Liver_WT_DD_CT20_C	Liver_WT_DD_CT20_D	Liver_WT_DD_CT24_A	Liver_WT_DD_CT24_B	Liver_WT_DD_CT24_C	Liver_WT_DD_CT24_D	Liver_WT_DD_CT28_A	Liver_WT_DD_CT28_B	Liver_WT_DD_CT28_C	Liver_WT_DD_CT28_D	Liver_WT_DD_CT32_A	Liver_WT_DD_CT32_B	Liver_WT_DD_CT32_C	Liver_WT_DD_CT32_D	Liver_WT_DD_CT36_A	Liver_WT_DD_CT36_B	Liver_WT_DD_CT36_C	Liver_WT_DD_CT36_D	Liver_WT_DD_CT40_A	Liver_WT_DD_CT40_B	Liver_WT_DD_CT40_C	Liver_WT_DD_CT40_D	Liver_WT_DD_CT44_A	Liver_WT_DD_CT44_B	Liver_WT_DD_CT44_C	Liver_WT_DD_CT44_D
NA	1500017E21Rik	NA	NA	NA	NA	NA	NA	NA	NA	NA	NA	NULL	UP	Rhythmic	3.260442194	4.00018138	21.86385103	9.59E-39	2.42E-36	77.84364368	UP	Rhythmic	Rhythmic	Rhythmic	3.34E-07	1.09E-08	24	8	0.418213491	0.67485427	29.04461241	4.012105295	4.743084701	4.297582599	3.913920433	4.359828965	4.445413333	4.516201564	4.745306487	4.536182546	4.603548486	5.258677222	4.818267558	4.586796939	4.342510155	4.602383914	4.186054918	3.629698039	3.548411466	4.191228903	3.726626538	3.549376532	3.897824724	3.500380488	2.97558431	4.986979638	5.151156495	4.2797594	4.882656095	5.189038603	5.06953499	5.611026793	5.013663546	4.440797434	4.609456323	5.137358216	5.186767251	4.729753784	4.962725885	4.532784211	4.104368882	4.014146339	3.528003582	4.408816868	3.970816028	2.408150142	4.503014072	3.61423487	2.795773932
ENSMUSG00000060317	Acnat2	protein_coding	49379840	49408151	4	-1	chromosome	acyl-coenzyme A amino acid N-acyltransferase 2 [Source:MGI Symbol;Acc:MGI:2444345]	ENSMUSG00000060317.9	ENSMUST00000081541	Acnat2	209186	DOWN	Rhythmic	-2.972788569	4.638809262	-24.08051443	4.13E-42	1.55E-39	85.55801371	DOWN	Rhythmic	Rhythmic	Rhythmic	1.82E-05	1.11E-06	24	22	0.449022001	0.915417231	7.880892747	1.811205978	3.28280153	2.302392388	3.170427639	1.440817212	3.416545439	2.137822023	2.341720535	1.710351747	1.53104941	2.192388724	2.678814407	1.836678762	2.381205572	2.140851116	1.213405004	2.726067999	2.652155665	2.362005088	3.453949253	2.619814043	4.120394856	3.282541712	2.985267627	3.204956465	3.670364241	4.011556342	3.743128252	2.956462866	1.81386131	3.505054899	2.586171247	2.540779629	2.244550429	2.540758341	0.958878985	2.091419191	1.791609853	1.846084712	2.52486527	3.242409757	3.484136134	3.180580269	3.664875779	4.213075048	4.514480364	4.739175477	3.508626028
ENSMUSG00000021228	Acot3	protein_coding	84052144	84060402	12	1	chromosome	acyl-CoA thioesterase 3 [Source:MGI Symbol;Acc:MGI:2159619]	ENSMUSG00000021228.15	ENSMUST00000021653	Acot3	171281	DOWN	Rhythmic	-2.075069449	4.9623512	-10.82298844	3.11E-18	3.71E-17	30.68947128	DOWN	Rhythmic	Rhythmic	Rhythmic	6.73E-06	3.48E-07	24	16	1.163486965	1.449458457	28.06156189	2.882071305	4.645759274	2.883908434	3.861278728	1.261657757	2.927017058	1.356011077	3.562266331	1.861597872	2.410183458	4.561390856	5.822333357	5.504062684	5.416584575	4.92040821	4.79815194	5.379879971	4.824356183	5.750944217	5.4359846	4.485888046	4.832819921	5.694697211	3.682470086	4.898288668	3.895798269	5.015066002	4.308607558	4.182782932	2.61980076	4.293622832	3.459325825	3.807459216	4.523752176	5.706769118	4.64940967	6.570604423	7.30143049	6.196461169	6.492858544	6.356170499	6.022543786	5.317549801	6.403571159	5.912867277	6.169461147	4.946343067	4.259663119
ENSMUSG00000050860	Phospho1	protein_coding	95824499	95832140	11	1	chromosome	"phosphatase, orphan 1 [Source:MGI Symbol;Acc:MGI:2447348]"	ENSMUSG00000050860.6	ENSMUST00000054173	Phospho1	237928	UP	Rhythmic	1.947475889	1.997092896	15.26217693	3.04E-27	1.28E-25	51.41078166	UP	Rhythmic	Rhythmic	Rhythmic	4.33E-05	3.01E-06	24	6	0.528836041	0.689700664	4.824454932	3.410082363	2.748869024	1.874731106	2.072038176	3.135922857	3.543559971	2.880043974	3.208530454	3.077835145	3.324614548	2.823836722	2.773236394	2.49957076	3.09394891	2.649333054	2.934477745	1.330045541	2.717001876	1.570279827	1.92233744	2.016490511	2.152676308	2.26262251	1.857139868	3.614015003	4.291251878	3.462750794	3.664785053	4.187562605	2.96652957	3.779722525	4.065538508	2.363988062	2.808018859	3.395811899	1.825100912	2.951358344	1.477369459	2.987793457	2.729062394	2.220183628	0.938217747	1.94484521	2.306946085	2.027796373	3.421086338	2.887436923	1.954473924
ENSMUSG00000116165	Pdxp	protein_coding	78913919	78919517	15	1	chromosome	"pyridoxal (pyridoxine, vitamin B6) phosphatase [Source:MGI Symbol;Acc:MGI:1919282]"	ENSMUSG00000116165.1	ENSMUST00000089378	Pdxp	57028	DOWN	Rhythmic	-1.943819623	1.682829529	-15.60978976	6.59E-28	3.12E-26	52.9397785	DOWN	Rhythmic	Rhythmic	Rhythmic	1.63E-07	4.68E-09	24	18	1.619677432	1.180701213	2.129165665	-1.073416866	-0.203316437	-1.79232175	-0.676101399	-1.253206944	-1.857093712	-1.360501597	-1.32257631	-1.967298578	-1.921079273	-1.38429712	-1.255836942	-0.015157657	0.62952736	0.586910094	0.417691392	1.322939683	1.077003254	0.958687509	1.267648353	0.704302839	0.056623723	1.224839717	0.128953965	-1.959327967	-0.163782373	-0.449795436	-0.193377112	-0.427865693	-1.315965654	-1.838799293	-0.513299953	-1.821689907	-1.238301165	-0.777484086	-1.652067836	0.414718451	-0.474723353	0.336505845	0.897634615	1.262566834	0.595070229	-0.058060589	0.736367705	-0.034702595	-1.264007763	-0.434736329	0.424040499
ENSMUSG00000028957	Per3	protein_coding	151003652	151044665	4	-1	chromosome	period circadian clock 3 [Source:MGI Symbol;Acc:MGI:1277134]	ENSMUSG00000028957.12	ENSMUST00000103204	Per3	18628	DOWN	Rhythmic	-1.936159987	3.395989878	-20.85297475	3.93E-37	7.98E-35	74.14296104	DOWN	Rhythmic	Rhythmic	Rhythmic	7.38E-17	4.77E-20	24	14	1.709998433	1.82767323	13.85755443	0.131629304	0.901545189	0.836975553	0.316689395	1.249073996	1.149820176	-0.330525113	0.073681808	2.320477424	2.926532716	2.855668279	3.361273349	3.694969207	3.858714229	3.947300946	3.667376971	3.227660293	2.604778889	4.070829178	3.144311939	2.144682122	2.213499913	2.012005862	2.569179855	-1.01518671	0.806962638	0.767713741	-0.41120102	0.881061257	0.808870995	1.48450862	0.920693169	2.918062424	3.339134806	2.503207282	3.530887236	4.148894565	4.462223304	3.168231744	3.805604659	3.543263211	3.41438711	3.254119936	3.852471886	2.058015725	1.972261777	1.685888451	2.019681031
ENSMUSG00000038092	Hsd3b5	protein_coding	98618634	98630252	3	-1	chromosome	"hydroxy-delta-5-steroid dehydrogenase, 3 beta- and steroid delta-isomerase 5 [Source:MGI Symbol;Acc:MGI:104645]"	ENSMUSG00000038092.6	ENSMUST00000044094	Hsd3b5	15496	UP	Rhythmic	1.878683654	6.263910275	10.33097021	3.44E-17	3.54E-16	28.29201258	UP	Rhythmic	Rhythmic	Rhythmic	1.45E-07	4.06E-09	24	8	0.453907425	0.755196826	105.9368016	3.069666091	3.447680275	4.049268552	4.283307384	3.687786859	3.869531369	3.832549865	3.529200366	4.00701933	4.13061067	4.068148325	3.711588127	3.361957901	3.507114415	3.334087968	3.385523052	3.417628377	2.366934908	3.391770415	2.671379993	2.887745502	2.41884602	2.896219753	2.726586372	3.772309244	2.991529002	2.871839928	2.840687335	3.94348697	3.473818665	3.726391455	3.369112436	4.465715061	3.369269415	3.779810302	4.694477146	3.522547237	3.017908602	3.292023195	3.056196274	1.794534164	2.338837299	2.297693317	2.424152567	0.562660164	2.413569994	2.318635627	3.048765586
ENSMUSG00000074254	Cyp2a4	protein_coding	26307169	26315088	7	1	chromosome	"cytochrome P450, family 2, subfamily a, polypeptide 4 [Source:MGI Symbol;Acc:MGI:88596]"	ENSMUSG00000074254.4	ENSMUST00000098657	Cyp2a4	13086	UP	Rhythmic	1.866263962	2.510303016	6.163853869	1.73E-08	6.38E-08	8.406499131	UP	Rhythmic	Rhythmic	Rhythmic	0.001812376	0.000249811	24	18	2.341167171	1.580615331	20.05621385	8.344258949	12.2545104	9.645473963	9.84217845	7.219009654	4.357235454	6.391421274	7.162955323	7.196030188	6.206640634	6.461140544	7.484243131	10.7951535	9.933351081	9.900412938	6.719139064	12.99116632	9.900275065	13.42796313	8.010337559	12.40506348	10.11405108	13.07018624	9.055435018	7.621103813	5.805302615	8.039054692	6.272302124	6.572902949	7.47177964	6.95443537	4.988121095	4.960479102	7.456612685	8.420694756	7.792145306	7.710644524	9.865450426	7.048688395	8.006509533	8.88180481	6.811537483	8.143259851	7.53298025	8.111245746	7.311758628	6.084457693	8.490548292
ENSMUSG00000024365	Cyp21a1	protein_coding	34801348	34804561	17	-1	chromosome	"cytochrome P450, family 21, subfamily a, polypeptide 1 [Source:MGI Symbol;Acc:MGI:88591]"	ENSMUSG00000024365.9	ENSMUST00000025223	Cyp21a1	13079	UP	Rhythmic	1.818774154	0.526290711	10.77165797	3.99E-18	4.70E-17	30.43984437	UP	Non-rhythmic	Rhythmic	Rhythmic	0.003895363	0.000618122	24	18	0.041408275	0.891428722	2.225293111	2.762437944	-0.342237974	1.35350608	1.530842287	1.732588049	1.011419079	1.225573728	-0.328580128	2.670401938	2.591658695	1.78854626	2.195873403	2.226514206	1.780358601	1.664057278	0.992684376	2.667437517	1.271916846	1.609032027	0.882376159	3.498391959	2.116898842	1.85237994	1.791148193	0.287737185	2.156817235	-0.341630357	1.955302576	0.582963548	0.933878416	-0.257077484	0.149460727	0.891013514	1.097439398	0.904239455	2.595052115	3.193935761	2.407733281	2.161148146	1.672094913	3.328261933	3.454966562	3.855055061	3.587246618	2.476195357	2.275728528	1.823217493	4.134823161
ENSMUSG00000015090	Ptgds	protein_coding	25466709	25470046	2	-1	chromosome	prostaglandin D2 synthase (brain) [Source:MGI Symbol;Acc:MGI:99261]	ENSMUSG00000015090.13	ENSMUST00000015234	Ptgds	19215	UP	Rhythmic	1.798456678	1.204546985	11.87117084	1.95E-20	3.12E-19	35.75159202	UP	Rhythmic	Rhythmic	Rhythmic	0.000590196	6.64E-05	24	2	0.526303875	0.71370556	2.75798012	3.190584468	3.457808551	4.025594306	3.38787065	2.745431301	3.455233447	2.903452131	3.604106724	3.2342211	2.839445933	2.690514354	2.532617415	0.856606276	3.519933183	2.647973059	2.845896197	2.30217342	2.46758346	1.754307247	2.19595177	3.529995821	2.361694713	2.898610756	3.807622495	3.995573458	3.155370822	2.963563558	3.039625102	2.085664595	2.917720237	3.332345807	2.795145221	2.370725718	1.709903428	1.809051457	2.826315628	2.001309185	2.553730973	1.485379422	1.872601534	0.833421961	0.742995053	0.36585403	2.20420538	1.546712892	2.039960558	2.306981217	3.171454062
ENSMUSG00000025185	Loxl4	protein_coding	42593982	42612813	19	-1	chromosome	lysyl oxidase-like 4 [Source:MGI Symbol;Acc:MGI:1914823]	ENSMUSG00000025185.14	ENSMUST00000164786	Loxl4	67573	UP	Rhythmic	1.753644012	0.096767736	21.6479277	2.10E-38	4.90E-36	77.06309016	UP	Rhythmic	Rhythmic	Rhythmic	3.54E-10	3.17E-12	24	0	1.222718044	1.38185527	3.066077586	2.342993013	2.44812336	3.35210038	3.181858344	1.268021447	1.259111217	1.823330131	1.361645974	0.224815059	0.855399613	-0.386525812	0.094145691	0.593320507	-0.608107048	-0.76407738	-0.617594001	0.250652244	0.218014194	0.321667162	-0.006136147	1.858121996	1.63376234	1.981593155	1.052801457	1.845752756	2.153479178	2.774141596	2.794018355	1.667084114	1.740846687	1.181314044	1.421025699	0.197845904	0.120335849	0.565631356	1.061246397	0.567374023	-0.150907204	-0.546587177	-0.539573816	0.729977364	0.289692572	0.334133906	-0.456027044	0.671176266	0.111302815	1.320772367	1.688237499
ENSMUSG00000025936	Gm4956	transcribed_unprocessed_pseudogene	21285246	21298312	1	-1	chromosome	predicted gene 4956 [Source:MGI Symbol;Acc:MGI:3647976]	ENSMUSG00000025936.15	ENSMUST00000178869	Gm4956	NA	DOWN	Rhythmic	-1.74089929	2.69471349	-11.55396603	8.96E-20	1.31E-18	34.22772655	DOWN	Rhythmic	Rhythmic	Rhythmic	0.000117608	9.57E-06	24	22	0.815856902	0.853027117	2.927640074	0.550133844	1.776613945	2.64151096	2.463792815	0.6548223	0.36371855	0.41220712	0.567034267	1.032481351	1.14857669	1.033339276	1.035362024	0.463108551	0.972970936	0.362796605	1.979203311	2.393467551	1.391055796	1.839106978	0.627484999	2.786906184	1.230747327	3.136946586	2.289955613	1.936300235	2.120184041	1.098672719	1.694442198	0.309419522	1.140242167	1.118435401	1.164091961	-0.809819557	0.07697592	-0.202821988	0.802565475	0.220174082	-0.245461909	0.206192424	-0.431640641	1.01247322	0.434518098	1.212960099	1.849768938	0.893342748	1.849343641	1.887403626	2.014418346
ENSMUSG00000002250	Ppard	protein_coding	28232700	28301474	17	1	chromosome	peroxisome proliferator activator receptor delta [Source:MGI Symbol;Acc:MGI:101884]	ENSMUSG00000002250.16	ENSMUST00000002320	Ppard	19015	UP	Rhythmic	1.697715146	3.632483718	16.57344743	1.03E-29	6.32E-28	57.0982088	UP	Rhythmic	Rhythmic	Rhythmic	2.00E-05	1.25E-06	24	0	0.857833021	1.116763418	25.52276829	6.316922385	6.274240716	6.17177753	6.655931136	4.264268358	4.519863327	4.1067298	4.512421289	3.698502375	3.537959388	3.744985544	3.424182189	4.204436858	4.374215937	3.875836888	4.037562767	3.913657332	4.534983221	3.797641245	4.589166994	5.557690994	4.88637849	5.800231189	5.91316303	5.618940346	6.440834658	5.787558369	6.368593488	4.557065413	4.373568935	3.861992533	4.107118686	3.613972901	3.96886591	3.987424867	3.162996621	4.141529431	3.696433733	4.136033082	4.107203104	3.820524377	3.931894137	3.938750805	3.452158099	3.883052089	3.972679891	5.58046097	5.20431748
ENSMUSG00000023067	Cdkn1a	protein_coding	29090976	29100727	17	1	chromosome	cyclin-dependent kinase inhibitor 1A (P21) [Source:MGI Symbol;Acc:MGI:104556]	ENSMUSG00000023067.14	ENSMUST00000233296	Cdkn1a	12575	UP	Rhythmic	1.671069915	2.866878312	13.52918998	7.80E-24	2.06E-22	43.5671135	UP	Rhythmic	Rhythmic	Rhythmic	1.38E-10	1.03E-12	24	0	1.766264136	1.703787263	27.41051857	8.163789676	7.435479158	7.239002412	7.472967496	6.63855041	5.414852157	5.011309829	6.232009006	4.339240742	4.480317772	4.415645084	3.896097232	4.741005978	4.02606858	4.416476212	4.44836229	5.624952044	6.082114884	5.17329576	6.423289646	6.007782094	6.978192468	6.710083876	8.053447392	7.372121451	8.041510472	7.695733104	8.100578773	6.297292959	6.462727715	6.152328301	6.366901424	4.500871987	4.286662566	4.765737453	4.21888692	4.955877041	4.247710788	5.372201881	5.420374334	5.655281082	6.028988894	4.921759582	6.708988243	6.48467703	7.843089873	7.548468834	6.451631138
ENSMUSG00000027513	Pck1	protein_coding	173153048	173159273	2	1	chromosome	"phosphoenolpyruvate carboxykinase 1, cytosolic [Source:MGI Symbol;Acc:MGI:97501]"	ENSMUSG00000027513.11	ENSMUST00000029017	Pck1	18534	UP	Rhythmic	1.632145746	10.4570491	11.37336739	2.15E-19	2.98E-18	33.35675725	UP	Rhythmic	Rhythmic	Rhythmic	1.82E-05	1.11E-06	24	12	0.663542074	0.941782952	2334.455455	10.70116424	11.69786235	12.00699579	10.57162426	11.96023948	12.0970664	12.55407565	12.58782457	12.60618592	12.57551988	12.79862908	12.7030686	13.43466069	13.16523137	12.34353264	12.95777354	12.14624921	10.83952237	11.70474279	12.22221007	10.32885624	11.52170347	11.22025145	11.49246976	12.01915583	11.48975155	12.1611247	11.30438954	11.95278445	10.72702501	12.49021244	11.86784031	12.02836592	12.94433042	12.64636003	13.43351763	12.94353853	13.36711375	13.37829551	13.46486524	11.47638316	10.43192215	11.85850091	12.36588133	11.90082647	12.5925927	12.07648101	10.69929607
ENSMUSG00000026475	Rgs16	protein_coding	153740349	153745468	1	1	chromosome	regulator of G-protein signaling 16 [Source:MGI Symbol;Acc:MGI:108407]	ENSMUSG00000026475.7	ENSMUST00000027748	Rgs16	19734	DOWN	Rhythmic	-1.601995374	3.636313013	-7.561363895	2.56E-11	1.31E-10	14.84298966	DOWN	Rhythmic	Rhythmic	Rhythmic	5.47E-09	8.70E-11	24	10	1.777528561	2.3904493	32.14626936	1.862543025	1.371272747	0.853718228	0.682765944	1.90163037	2.008442021	1.347688066	2.792181605	4.781703676	4.69068995	6.691608065	6.473199361	4.295472441	4.556887468	4.551288884	5.139574601	2.656370157	1.454038226	2.953613395	3.361685801	0.248548182	1.297288952	0.172426515	1.945290886	2.108578859	1.501773805	3.277086067	2.491892779	2.925627402	4.337463809	4.472152931	3.362131299	6.215035803	6.292344983	5.404893512	4.387933481	5.115825243	6.008314724	6.460323966	6.515838251	2.222716638	2.886201879	2.743935853	2.160182064	2.538401517	2.084353485	2.978342356	0.780180431
ENSMUSG00000038754	Elovl3	protein_coding	46131897	46135694	19	1	chromosome	"elongation of very long chain fatty acids (FEN1/Elo2, SUR4/Elo3, yeast)-like 3 [Source:MGI Symbol;Acc:MGI:1195976]"	ENSMUSG00000038754.5	ENSMUST00000237098	Elovl3	12686	UP	Rhythmic	1.599700339	7.121906641	8.795694225	6.42E-14	4.39E-13	20.78979459	UP	Rhythmic	Rhythmic	Rhythmic	4.91E-14	9.92E-17	24	2	1.222222812	1.683571424	554.9805626	5.427377395	5.679088271	6.526049858	6.373195844	5.609993405	5.805966189	5.668631671	5.753238801	5.268383732	4.643225164	4.328256966	4.293964158	3.066842617	2.89197263	2.861713284	2.812367647	3.48792449	2.804610835	2.981338191	3.094311199	5.556728749	5.060617831	5.32201997	4.451401052	6.220603869	6.385774931	5.934248903	5.83746415	6.282127049	5.833438695	5.97019456	6.206207016	4.594367172	4.366506069	4.958205529	4.653264565	3.172888402	3.512532167	2.688001366	2.836239092	3.135347952	3.574313133	3.11967046	3.67629993	3.704922119	5.513849017	5.652166053	4.552917135
ENSMUSG00000038550	Ciart	protein_coding	95878503	95882251	3	-1	chromosome	circadian associated repressor of transcription [Source:MGI Symbol;Acc:MGI:2684975]	ENSMUSG00000038550.10	ENSMUST00000159739	Ciart	229599	DOWN	Rhythmic	-1.57582497	2.777612453	-14.0883419	5.96E-25	1.81E-23	46.13700089	DOWN	Rhythmic	Rhythmic	Rhythmic	1.06E-12	2.91E-15	24	14	2.71897161	2.643049086	21.48315083	-0.021162524	0.344029123	0.467723971	-0.279671797	-0.148053612	0.360092479	1.324050201	1.476230397	2.83164446	4.40209794	4.363226433	5.185054203	5.453032685	5.410514291	5.388967915	4.868088353	3.871341939	3.772731303	4.335366335	4.082988201	1.434416263	1.155540937	1.717683669	1.188721948	-0.08697063	0.455499462	0.825097792	0.840368791	0.687524852	0.480587405	0.352753271	2.198098257	3.610043851	3.380032789	4.149387352	4.082018978	5.603624275	5.166797303	5.125585168	5.645537932	3.719814249	1.826315343	3.899401022	3.556477	1.039453782	1.144041116	1.459559406	1.557258281
ENSMUSG00000028716	Pdzk1ip1	protein_coding	115088708	115093899	4	1	chromosome	PDZK1 interacting protein 1 [Source:MGI Symbol;Acc:MGI:1914432]	ENSMUSG00000028716.15	ENSMUST00000171877	Pdzk1ip1	67182	DOWN	Rhythmic	-1.553039691	4.052372662	-12.18722872	4.30E-21	7.50E-20	37.26174834	DOWN	Rhythmic	Rhythmic	Rhythmic	0.00029087	2.85E-05	24	6	0.47020762	0.650905236	5.580175274	3.310687168	3.177756865	3.081864296	2.071652916	3.943073837	3.875593549	2.521175909	2.73747926	2.655548418	2.361883465	3.084594903	3.792440077	2.211376199	3.420974737	2.334244159	3.329439269	2.393809527	1.785021952	2.983802431	2.151398542	1.835835103	3.236212044	2.647280574	2.555091971	2.865174424	1.968651433	3.262376072	3.823514651	3.487666645	4.219198967	2.909595824	4.013900488	3.154589274	2.61668835	3.628024743	2.592365197	2.018491757	1.839354758	2.022826046	2.095841468	1.670030525	2.406538719	2.287941968	1.766276965	2.157424649	2.04873134	2.314085766	0.810582625
ENSMUSG00000040675	Mthfd1l	protein_coding	3973118	4167081	10	1	chromosome	methylenetetrahydrofolate dehydrogenase (NADP+ dependent) 1-like [Source:MGI Symbol;Acc:MGI:1924836]	ENSMUSG00000040675.17	ENSMUST00000120585	Mthfd1l	270685	DOWN	Rhythmic	-1.476481206	1.714339488	-13.04721466	7.36E-23	1.70E-21	41.3238372	DOWN	Rhythmic	Rhythmic	Rhythmic	7.74E-08	1.96E-09	24	16	0.571088236	0.876260368	1.620602229	1.591827935	1.53342496	2.562251012	2.697104667	0.690041425	1.347565532	1.375169733	1.204344192	2.096202032	1.826682106	2.709719669	1.9842866	2.34016224	2.108463767	2.634322835	2.18523917	3.968760537	3.15502078	3.908801674	3.169658595	1.868898564	2.392017208	2.926442012	1.96811698	1.679072129	1.807624211	1.577685233	2.326787034	-0.031184651	0.700089394	2.098510579	0.885413827	1.67944297	2.059488529	2.045047299	1.607745316	3.18759223	3.926507383	2.943928889	2.593474529	3.094644427	2.273414105	2.436320277	2.667574044	3.146914321	1.458188085	2.196968711	3.460338813
ENSMUSG00000041653	Pnpla3	protein_coding	84167837	84187236	15	1	chromosome	patatin-like phospholipase domain containing 3 [Source:MGI Symbol;Acc:MGI:2151796]	ENSMUSG00000041653.5	ENSMUST00000045289	Pnpla3	116939	DOWN	Rhythmic	-1.424965083	1.961753053	-5.945355517	4.61E-08	1.61E-07	7.445995463	DOWN	Rhythmic	Rhythmic	Rhythmic	0.00298514	0.000447397	24	20	1.158442121	1.008300004	2.348574831	-0.708217096	0.890220363	-0.059362269	1.388386183	-0.891241046	-0.609829435	-1.663018975	-0.542004938	-0.051919401	-0.675093349	-0.868773984	-1.070003518	-1.176018868	-0.226927791	0.637659077	1.113810673	1.497505686	1.435893424	2.475963377	-0.028653235	1.661622948	0.428403044	3.837239935	0.769510574	-0.178000676	-0.036159215	0.444060923	2.17195939	0.341351049	1.712444326	-0.667027435	1.576456182	-1.047422969	0.115248557	-0.704426345	0.169494253	-1.054049713	-0.225802104	0.509776873	-0.108765392	1.286124516	2.727277223	1.572707127	1.518019367	-0.570553221	-0.672523126	1.871500825	1.012482207
ENSMUSG00000085772	D630024D03Rik	lincRNA	31790113	31824524	11	-1	chromosome	RIKEN cDNA D630024D03 gene [Source:MGI Symbol;Acc:MGI:3041224]	ENSMUSG00000085772.7	ENSMUST00000126265	D630024D03Rik	NA	UP	Rhythmic	1.414610111	1.518497039	13.63436249	4.79E-24	1.30E-22	44.05322006	UP	Rhythmic	Rhythmic	Rhythmic	1.64E-10	1.24E-12	24	8	1.054173206	1.083370574	5.258359552	1.410905271	1.061354394	0.88338895	0.962225613	1.872080674	2.412462973	1.969830664	2.408941885	2.338100092	2.425482074	2.33145197	1.767820744	2.607874134	2.70210811	2.090388836	2.09744859	0.115141403	0.877088347	0.677750149	1.222737145	-0.631049395	0.579471177	-0.005372021	-0.271414231	1.212144495	1.489113215	0.949036826	0.616522907	1.967557506	1.73335851	2.040774757	2.069458827	1.61192005	2.017023255	2.977039252	2.086501648	2.173695392	1.756301845	1.261984448	1.965803746	0.782378378	0.291241148	0.837069396	1.265085912	0.040994716	0.525363923	0.341251968	0.064891324
ENSMUSG00000028555	Ttc39a	protein_coding	109406623	109444745	4	1	chromosome	tetratricopeptide repeat domain 39A [Source:MGI Symbol;Acc:MGI:2444350]	ENSMUSG00000028555.15	ENSMUST00000106618	Ttc39a	230603	DOWN	Rhythmic	-1.412667487	1.687756258	-12.64773592	4.82E-22	9.79E-21	39.44594749	DOWN	Rhythmic	Rhythmic	Rhythmic	7.74E-08	1.96E-09	24	18	0.680839665	0.809904908	1.44490696	2.289057336	1.589935797	2.432084377	2.514106693	1.681404014	0.402067352	1.044122539	1.328969174	1.376039211	2.250202568	1.52225593	1.202529851	1.346770396	2.793519309	2.05122622	1.978813798	3.488087015	1.39214967	2.41870631	3.044180826	2.692873068	2.023818195	2.675524001	2.824446497	1.2779821	1.870913377	1.80888136	2.004062149	0.513421408	0.399507693	0.33211667	0.516173647	2.031506694	1.248901994	1.130389148	1.513479978	1.424617364	2.446228846	2.42813676	2.057431456	2.425588301	2.961516126	2.331885902	2.279951375	2.190183226	2.068260018	2.622902346	2.434552627
ENSMUSG00000026077	Npas2	protein_coding	39193731	39363236	1	1	chromosome	neuronal PAS domain protein 2 [Source:MGI Symbol;Acc:MGI:109232]	ENSMUSG00000026077.15	ENSMUST00000056815	Npas2	18143	UP	Rhythmic	1.350558426	-0.10252957	14.71151402	3.54E-26	1.27E-24	48.95774315	UP	Rhythmic	Rhythmic	Rhythmic	3.02E-10	2.64E-12	24	2	1.241105557	1.780576178	3.547737709	2.620342174	3.27078944	3.411073019	2.506969268	2.422720675	1.914179881	1.544973842	1.886730081	0.248310182	0.094017671	-0.317485734	-0.766495053	-0.730236497	-0.58340158	-0.701250123	-0.591436816	-0.711610335	-0.117747276	-0.766267727	-0.637134856	0.639800313	0.078695712	0.82125747	0.481068532	2.072390359	2.320643246	3.110334401	2.085976028	2.901938223	2.452459694	1.450839665	1.680478966	0.265537649	-0.637622393	-0.60885477	-0.259127845	-0.776540589	-0.701482549	-0.537204874	-0.535242642	-0.123870786	-0.674599659	-0.65086965	-0.924761267	0.707640744	0.135166309	1.19668832	-0.79678901
ENSMUSG00000020131	Pcsk4	protein_coding	80321283	80329498	10	-1	chromosome	proprotein convertase subtilisin/kexin type 4 [Source:MGI Symbol;Acc:MGI:97514]	ENSMUSG00000020131.14	ENSMUST00000020340	Pcsk4	18551	UP	Rhythmic	1.348210298	5.396006425	27.77307091	3.01E-47	2.87E-44	97.29813549	UP	Rhythmic	Rhythmic	Rhythmic	3.40E-16	3.03E-19	24	14	1.187416492	1.353067112	106.7000937	5.209943506	5.327018016	5.10890442	5.297162489	5.36591875	5.387109669	5.577407545	5.670345006	6.412611593	6.972742242	7.259339414	7.201846094	7.397760395	7.366197489	7.403740457	7.369033059	6.891278501	7.084760419	6.912520631	6.893987789	5.550093847	5.680974197	5.693394189	5.466511186	5.106687117	5.337195218	4.997639445	5.259406647	5.495517858	5.409345247	5.5273967	5.679089265	6.899401453	6.94227362	7.293659639	6.628346588	8.13591111	7.962271545	7.479873689	8.000754573	6.912931286	6.752015901	7.055220655	6.782475796	5.419820231	5.816830515	5.69834277	5.578068794
ENSMUSG00000024843	Chka	protein_coding	3851773	3894369	19	1	chromosome	choline kinase alpha [Source:MGI Symbol;Acc:MGI:107760]	ENSMUSG00000024843.15	ENSMUST00000025760	Chka	12660	UP	Rhythmic	1.330828227	5.469707704	18.75036872	1.31E-33	1.57E-31	66.05486741	UP	Rhythmic	Rhythmic	Rhythmic	1.21E-18	9.74E-23	24	0	1.522324764	1.756082402	163.4969224	8.196171185	8.463422286	8.182995141	8.863930657	7.493351113	7.330417309	7.5858418	7.492225261	5.570694787	5.187698586	4.844967642	5.386091726	5.310140741	4.792621035	4.837192016	5.187503587	6.205493485	6.201898642	5.76820671	6.262929596	7.723587115	7.089201158	7.589241289	7.632717879	8.110858017	8.255840018	7.844056386	8.287282298	7.408112035	7.840132102	7.113987399	6.925486265	5.846204655	5.507285424	5.111023671	5.658371392	4.449960866	4.838486169	4.662632352	4.577259482	6.249341487	6.261542296	5.977338512	6.144710865	8.095073618	7.504945734	8.10066397	7.633732544
ENSMUSG00000085873	Ttc39aos1	antisense	109403794	109406155	4	-1	chromosome	Ttc39a opposite strand RNA 1 [Source:MGI Symbol;Acc:MGI:3651956]	ENSMUSG00000085873.1	ENSMUST00000150239	Ttc39aos1	NA	DOWN	Rhythmic	-1.307462893	0.688535093	-10.95751055	1.61E-18	2.01E-17	31.34302918	DOWN	Rhythmic	Rhythmic	Rhythmic	9.81E-05	7.79E-06	24	18	0.538463067	0.659199096	0.583076218	0.447533402	0.777183658	0.73303304	0.811697737	0.312711993	0.990033079	0.309502804	0.858485637	0.378932172	0.991155474	1.148383502	0.016585723	0.927219675	2.251647627	0.956672096	0.985396118	1.584253283	0.936372371	1.608477907	1.754922388	2.398701651	2.295208351	2.300910764	1.091761554	0.104463934	0.272243864	0.241620253	0.318337307	0.405322131	0.319518194	0.208341773	-0.097981008	0.020102254	0.349233692	0.983717744	0.41521164	0.705390386	1.138832484	0.91481032	0.813061269	1.95817714	0.292690178	1.432501797	1.644639367	1.310420256	0.366444084	2.068278304	2.111194951
ENSMUSG00000059824	Dbp	protein_coding	45705088	45710203	7	1	chromosome	D site albumin promoter binding protein [Source:MGI Symbol;Acc:MGI:94866]	ENSMUSG00000059824.12	ENSMUST00000080885	Dbp	13170	DOWN	Rhythmic	-1.303639921	6.566685809	-14.12966327	4.93E-25	1.52E-23	46.32547636	DOWN	Rhythmic	Rhythmic	Rhythmic	5.20E-17	2.52E-20	24	12	3.248597925	3.125788088	482.9885673	2.680304941	3.235613089	2.589970195	2.969270066	4.563135842	5.547027421	3.302285471	5.440252746	8.019494385	8.226201346	8.517993122	8.633667651	8.622497944	8.377490236	8.551801383	8.416787894	7.015015036	6.470587935	7.425991226	6.462452916	4.251523938	3.610997402	3.895162748	4.197674918	2.541430639	2.49527257	2.184845405	2.193931873	4.02814988	4.62790811	5.290332221	5.44495766	8.257848163	7.932978694	8.279964053	8.482369379	8.524725456	8.837599024	8.157844521	8.261172252	6.553617791	5.955133609	6.605919209	5.872903159	4.640709408	3.700787443	3.735035395	3.970936305
ENSMUSG00000022389	Tef	protein_coding	81802421	81826863	15	1	chromosome	thyrotroph embryonic factor [Source:MGI Symbol;Acc:MGI:98663]	ENSMUSG00000022389.15	ENSMUST00000023024	Tef	21685	DOWN	Rhythmic	-1.251727965	6.979466769	-27.27274563	1.39E-46	1.08E-43	95.78245391	DOWN	Rhythmic	Rhythmic	Rhythmic	7.62E-18	2.46E-21	24	14	0.947004381	1.237633099	113.6867041	5.064697663	5.325214951	5.410919314	5.296749472	5.226470419	5.655841669	4.835268078	5.396154598	6.744529009	6.974372505	7.268976761	7.218785623	7.380687007	7.527051323	7.467544733	7.43101409	7.026868014	7.139991442	7.13975078	7.322269415	6.271972914	6.619160973	6.353741052	6.102888213	4.84441888	5.534845178	5.324191376	4.882331004	5.526237988	5.38044643	5.558872457	5.672616248	6.648416161	6.92675532	7.042479337	7.127467573	7.868519841	7.793032392	7.251586165	7.498560151	7.07502537	6.765991984	7.073399332	6.920715486	6.244267495	6.32646421	6.004233051	6.055921245
ENSMUSG00000040584	Abcb1a	protein_coding	8660077	8748575	5	1	chromosome	"ATP-binding cassette, sub-family B (MDR/TAP), member 1A [Source:MGI Symbol;Acc:MGI:97570]"	ENSMUSG00000040584.8	ENSMUST00000047753	Abcb1a	18671	DOWN	Rhythmic	-1.243856165	2.438011845	-12.05152429	8.21E-21	1.36E-19	36.61439102	DOWN	Rhythmic	Rhythmic	Rhythmic	5.18E-05	3.74E-06	24	16	0.670282722	0.724409493	2.289646048	1.833449501	3.394834603	4.047167296	2.665662158	2.897267713	2.747066279	1.99631743	2.412310569	2.76439792	2.643649643	2.94752655	3.80701289	4.096264028	3.658243333	4.698365079	3.975682648	2.969497666	4.01009457	3.733297782	3.397882577	2.544533905	3.515098602	3.647776592	3.506419449	1.966546606	2.798734124	2.931299315	3.21700569	3.145817692	2.637962414	2.667083886	2.32865433	1.913567338	2.543956372	2.223338532	3.332097142	3.419871967	3.832829535	3.817234389	4.27633193	4.501252321	4.427440143	4.093102532	4.039578429	2.669833223	2.992962724	3.342086281	3.795329205
ENSMUSG00000032010	Usp2	protein_coding	44067021	44095627	9	1	chromosome	ubiquitin specific peptidase 2 [Source:MGI Symbol;Acc:MGI:1858178]	ENSMUSG00000032010.15	ENSMUST00000034508	Usp2	53376	DOWN	Rhythmic	-1.23039545	5.458988085	-10.6181597	8.44E-18	9.55E-17	29.69262088	DOWN	Rhythmic	Rhythmic	Rhythmic	4.91E-14	9.92E-17	24	14	1.871759949	2.319326646	116.370886	3.47184987	3.041747718	3.099530856	3.747288251	1.082315091	1.597006522	1.892343635	2.292187997	4.900603522	5.625241534	6.174958776	6.253389905	6.903224968	6.966343847	6.624910206	6.58105769	6.423540908	6.03346672	6.358475577	6.629075364	4.137963497	5.204272095	4.885985062	5.354627496	3.235590963	3.181292736	3.077275779	3.028093485	2.353100673	0.599394708	2.581573387	2.39796715	5.034005691	5.40148261	5.618314695	5.359478069	7.107231216	7.011294896	6.94426032	7.305069565	6.231851315	5.385892566	6.1580267	6.100688081	3.87447828	5.268253284	4.306665604	3.772717611
ENSMUSG00000022769	Sdf2l1	protein_coding	17130138	17132383	16	-1	chromosome	stromal cell-derived factor 2-like 1 [Source:MGI Symbol;Acc:MGI:2149842]	ENSMUSG00000022769.9	ENSMUST00000023453	Sdf2l1	64136	UP	Rhythmic	1.227591935	4.276285242	10.33547659	3.36E-17	3.46E-16	28.31401221	UP	Rhythmic	Rhythmic	Rhythmic	7.47E-07	2.80E-08	24	0	0.656719598	0.831396386	22.58049196	3.98225502	4.357315723	4.89715	4.51587004	3.660683365	3.009557211	4.445365014	3.588823641	2.893638354	3.474456399	3.226535767	3.053513257	3.501299577	3.226876391	2.770239057	2.73980683	3.812858145	3.993934368	2.785218937	3.475933119	4.861901062	3.428328757	4.295704941	4.107533979	4.251182368	3.972000087	3.921169415	4.125980784	3.887623749	4.381001849	3.846759722	3.338094552	3.305364067	3.423670664	2.633672082	3.479626634	2.422477233	2.657288595	2.055101	2.55147285	3.496878102	2.715682945	3.508630326	2.922531589	3.193084593	3.702086213	4.051898658	5.403122885
ENSMUSG00000037379	Spon2	protein_coding	33198184	33218455	5	-1	chromosome	"spondin 2, extracellular matrix protein [Source:MGI Symbol;Acc:MGI:1923724]"	ENSMUSG00000037379.7	ENSMUST00000046186	Spon2	100689	UP	Rhythmic	1.203949317	3.466047061	11.62773751	6.28E-20	9.41E-19	34.58282104	UP	Rhythmic	Rhythmic	Rhythmic	6.04E-12	2.68E-14	24	4	1.181197397	1.505573307	30.05422841	5.686559139	5.798095936	5.31626777	4.532089729	5.708802497	6.028239151	6.062080085	5.703989097	4.903843065	5.193389221	4.141146134	4.005679269	2.98884741	3.764161789	3.379988961	3.666966377	2.173146937	4.110751777	1.789361484	3.275892004	4.307101883	4.78629848	4.237686945	4.65325664	5.13248981	6.189244674	5.764639242	6.175541386	5.851390491	5.844879463	5.374608239	5.825376504	4.956575212	4.934736455	5.255599475	3.973444082	3.821971841	2.57794508	2.489623698	2.770750152	2.743841396	4.006708265	3.238351427	3.066738115	4.225052603	4.890950919	5.168065419	3.519500776
NA	Cml5	NA	NA	NA	NA	NA	NA	NA	NA	NA	NA	NULL	DOWN	Rhythmic	-1.198401027	6.167082237	-9.728330376	6.60E-16	5.66E-15	25.34598863	DOWN	Rhythmic	Rhythmic	Rhythmic	5.07E-11	3.19E-13	24	20	0.973155126	1.170247712	59.38392024	3.419202511	3.021187221	4.224693527	4.330300471	3.068816893	2.915843881	2.805401038	2.968757951	1.762118647	2.012876796	2.544363409	2.885987148	3.164650259	3.738283878	3.439796329	4.147775467	4.552853651	4.25699776	4.540747362	4.211193225	4.818096122	4.607627151	4.608676372	4.343502828	3.622358522	3.853242653	3.167101123	3.776918446	3.367047117	3.557639411	2.540091337	3.28346816	2.361923924	2.668207467	2.877433026	0.865733368	2.669575694	1.899026639	3.263861065	3.310923259	4.514602303	4.469525438	4.509444829	4.401408051	4.3433714	4.30086763	4.147123606	4.764803106
ENSMUSG00000053559	Smagp	protein_coding	100621339	100636940	15	-1	chromosome	small cell adhesion glycoprotein [Source:MGI Symbol;Acc:MGI:2448476]	ENSMUSG00000053559.13	ENSMUST00000066068	Smagp	207818	UP	Rhythmic	1.1707715	5.400368178	30.31051848	1.77E-50	2.74E-47	104.6552899	UP	Rhythmic	Rhythmic	Rhythmic	3.34E-14	5.94E-17	24	4	0.545031193	0.626422176	34.34053991	6.508600859	6.320067188	6.208036878	6.177231774	6.652326594	6.470194884	6.56063757	6.582348674	6.250752696	6.42077958	6.081610176	5.857388957	5.514373982	5.737950128	5.518852617	5.693563795	5.235832723	5.355456029	4.97328367	5.521272836	5.75708919	5.666597587	5.534128695	5.682987255	6.487859294	6.217660038	6.353327068	6.282123533	6.47225753	6.25366154	6.236218831	6.225168471	6.215617658	6.213140692	6.121690773	6.043978538	5.358058135	5.685319614	5.574228105	5.420606113	5.296975368	5.272720886	5.030657848	4.971664741	5.413239894	5.620600356	5.635162105	5.540729439
ENSMUSG00000034591	Slc41a2	protein_coding	83230848	83337882	10	-1	chromosome	"solute carrier family 41, member 2 [Source:MGI Symbol;Acc:MGI:2442940]"	ENSMUSG00000034591.5	ENSMUST00000039956	Slc41a2	338365	DOWN	Rhythmic	-1.167002463	3.884555508	-12.47585389	1.09E-21	2.08E-20	38.63305131	DOWN	Rhythmic	Rhythmic	Rhythmic	6.73E-06	3.48E-07	24	0	0.466028553	0.613848335	5.16480567	3.099230385	3.328499494	3.492950854	3.536291127	2.461557005	2.380684282	3.098592355	2.735007594	2.755891462	2.216386879	2.485791319	1.730393875	1.652565063	2.690238988	1.959921683	1.294849977	2.075943693	2.062071528	2.404891717	3.013772559	2.729320586	2.384951525	3.032702232	2.448933802	2.871587952	2.793059918	3.418309077	2.819893543	2.490739588	3.189697914	3.043009894	2.669673558	2.608117196	2.025589596	2.22453716	2.95058395	1.706317363	2.39643855	2.688710133	1.665707639	2.198161421	3.106433919	1.513107732	2.29598257	3.200666683	2.971848829	3.112785974	3.607880718
ENSMUSG00000018566	Slc2a4	protein_coding	69942539	69948188	11	-1	chromosome	"solute carrier family 2 (facilitated glucose transporter), member 4 [Source:MGI Symbol;Acc:MGI:95758]"	ENSMUSG00000018566.14	ENSMUST00000018710	Slc2a4	20528	DOWN	Rhythmic	-1.159906399	0.739616002	-6.134108527	1.98E-08	7.24E-08	8.274854186	DOWN	Rhythmic	Rhythmic	Rhythmic	0.004745671	0.000784107	24	16	0.92947279	0.747562083	0.760854098	-0.190181351	-0.363731033	0.332576831	0.128274815	-0.274200043	-0.390579204	-0.289211093	-0.320695485	-0.357981279	-0.378352515	-0.339352729	1.109683912	0.374908718	1.077045544	1.690912331	1.458531829	3.335209943	0.283603051	2.451075252	2.783939212	0.284562186	0.520969079	2.319784068	1.007550119	-0.289428497	0.375343587	0.690313181	-0.292870297	1.10329137	0.399492952	0.799537496	-0.359500542	0.2694672	1.015695739	0.977762982	0.151787521	-0.333766126	0.786326264	0.217600716	0.140531788	1.758619099	1.307704797	1.789801136	0.783674892	-0.648633516	0.332276108	1.706549542	-0.316634331
ENSMUSG00000038894	Irs2	protein_coding	10984681	11008458	8	-1	chromosome	insulin receptor substrate 2 [Source:MGI Symbol;Acc:MGI:109334]	ENSMUSG00000038894.7	ENSMUST00000040514	Irs2	384783	UP	Rhythmic	1.140096902	3.374850795	6.922920355	5.28E-10	2.31E-09	11.84860484	UP	Rhythmic	Rhythmic	Rhythmic	0.000127797	1.06E-05	24	4	0.801345466	0.867804392	12.96229515	5.906981681	6.277372652	5.513788523	5.036104012	4.626049009	4.663269747	5.565544672	5.378552158	3.37007688	4.379022847	4.668841062	4.336972008	4.540179866	4.486991607	3.902830386	3.730041512	3.77836459	3.44275979	3.521307462	3.418264904	4.605169467	4.041728319	3.492037195	4.416749397	5.635165914	4.427856458	5.554217666	4.029077934	5.295208744	4.857373495	5.030446134	4.659996553	5.112087766	4.889374315	4.819797517	5.831010061	3.773461709	5.187891681	4.360044152	4.029087382	3.210574034	2.746918622	2.69737463	1.218654045	4.138502987	5.695076936	5.732185675	4.182913946
ENSMUSG00000026691	Fmo3	protein_coding	162953800	162984528	1	-1	chromosome	flavin containing monooxygenase 3 [Source:MGI Symbol;Acc:MGI:1100496]	ENSMUSG00000026691.10	ENSMUST00000028010	Fmo3	14262	DOWN	Rhythmic	-1.132387662	0.517321857	-6.036312896	3.07E-08	1.10E-07	7.843982312	DOWN	Rhythmic	Rhythmic	Rhythmic	4.33E-05	3.01E-06	24	20	0.516602367	0.58558796	0.494111803	3.683320647	3.439769737	3.46625242	3.381329764	3.057229643	2.231733029	3.641545802	3.342054582	2.500661183	2.991461384	2.516838969	3.524159102	3.208584113	2.939262552	3.012584444	2.268477517	2.894826621	4.115644006	3.419070397	3.716576318	4.304548581	3.992578075	4.491438011	4.221476673	4.523672141	2.6853652	3.884308809	2.930117716	2.780504423	2.826629891	2.931478092	2.32913326	2.429206517	2.867342632	1.683363396	1.965875653	2.563518176	3.497390664	3.39887851	3.354243108	3.934551483	3.875850007	3.725859253	5.196242114	1.710051912	5.649489482	2.739777333	3.60062071
NA	Aim1l	NA	NA	NA	NA	NA	NA	NA	NA	NA	NA	NULL	DOWN	Rhythmic	-1.079368032	1.453846513	-6.951436386	4.62E-10	2.04E-09	11.98066111	DOWN	Rhythmic	Rhythmic	Rhythmic	0.020202517	0.004591555	24	10	0.494419483	0.625825587	1.036617885	0.764529613	0.3506744	-0.960156358	-0.894961421	1.425125492	-1.119054521	0.430913462	0.034460614	1.062113557	2.142089861	1.887834194	0.929980273	0.025639439	1.040599607	1.116022716	0.719421337	0.020206599	1.695652709	0.441121252	0.379635792	-1.015528581	0.202565751	-1.005535925	1.074254312	0.330654312	1.16990098	-0.049210385	1.138595069	1.529178242	1.166695959	0.979585595	2.332797609	1.851172244	1.133255028	1.437724627	0.086134266	0.729957834	0.610979863	2.08402727	1.587274295	0.246776922	-0.054593927	1.540080273	0.952305724	1.25527961	-0.010653004	0.694001827	-0.40994172
ENSMUSG00000064247	Plcxd1	protein_coding	110099969	110105953	5	1	chromosome	"phosphatidylinositol-specific phospholipase C, X domain containing 1 [Source:MGI Symbol;Acc:MGI:2685422]"	ENSMUSG00000064247.14	ENSMUST00000086687	Plcxd1	403178	DOWN	Rhythmic	-1.070404203	1.031585882	-8.897525872	3.90E-14	2.74E-13	21.28594466	DOWN	Rhythmic	Rhythmic	Rhythmic	1.01E-05	5.58E-07	24	10	0.708522272	0.726862212	0.94450148	-1.421176039	-1.283684442	-1.191207453	-0.534549852	-0.536996198	-0.140355286	0.422016347	-0.235603773	0.540246458	0.257938259	0.963306264	1.38426763	0.056659934	0.963082369	0.11297264	0.467451955	-0.603607742	0.089421144	0.212907692	0.110191195	-0.672418002	-0.105995276	-1.22778539	-0.626087167	-1.208778529	-0.1824811	-0.331060335	0.481397948	0.095291441	0.677184797	0.496922326	1.053216918	1.076577683	0.595253267	1.691107203	-0.515091796	0.208608874	-0.12668306	0.307168132	0.8334511	0.16488753	0.252124618	-0.047994721	0.854624474	-0.20867666	-0.28271211	-0.255455226	-1.195793313
NA	E130012A19Rik	NA	NA	NA	NA	NA	NA	NA	NA	NA	NA	NULL	DOWN	Rhythmic	-1.013944919	4.143113292	-18.22950973	1.06E-32	1.16E-30	63.96675669	DOWN	Rhythmic	Rhythmic	Rhythmic	1.25E-11	6.26E-14	24	16	0.67843082	0.735592447	8.420778869	3.403374306	3.524756364	3.76871134	3.284838182	3.214328821	2.622233457	2.824298569	3.206348519	3.222390552	3.18542519	3.564736988	3.46364162	4.346284669	4.294016262	3.823341923	4.630401122	4.672609743	4.712692308	4.891366095	4.351510983	4.38735041	3.611412067	4.150364117	4.11537776	3.595115895	2.909314799	3.3852228	3.367606531	2.893009289	3.365857145	3.291237576	3.029356769	3.765950014	3.284297557	3.342415501	2.979736196	4.618216338	4.300228149	4.135644637	3.412173393	4.285892367	4.590461097	4.550807769	4.299930171	3.713223503	3.846706597	3.830499145	3.926340473