"gene_id"	"gene_name"	"gene_biotype"	"gene_seq_start"	"gene_seq_end"	"seq_name"	"seq_strand"	"seq_coord_system"	"description"	"gene_id_version"	"canonical_transcript"	"symbol"	"entrezid"	"diffExpressed_fac"	"Rhythmicity_fac"	"logFC"	"AveExpr"	"t"	"P.Value"	"adj.P.Val"	"B"	"diffExpressed"	"Rhythmicity_lmrAMP"	"BH.Q"	"ADJ.P"	"PER"	"LAG"	"AMP"	"amp_lmr"	"amp_lmr_abs"	"Liver_WT_DD_CT0_A"	"Liver_WT_DD_CT0_B"	"Liver_WT_DD_CT0_C"	"Liver_WT_DD_CT0_D"	"Liver_WT_DD_CT4_A"	"Liver_WT_DD_CT4_B"	"Liver_WT_DD_CT4_C"	"Liver_WT_DD_CT4_D"	"Liver_WT_DD_CT8_A"	"Liver_WT_DD_CT8_B"	"Liver_WT_DD_CT8_C"	"Liver_WT_DD_CT8_D"	"Liver_WT_DD_CT12_A"	"Liver_WT_DD_CT12_B"	"Liver_WT_DD_CT12_C"	"Liver_WT_DD_CT12_D"	"Liver_WT_DD_CT16_A"	"Liver_WT_DD_CT16_B"	"Liver_WT_DD_CT16_C"	"Liver_WT_DD_CT16_D"	"Liver_WT_DD_CT20_A"	"Liver_WT_DD_CT20_B"	"Liver_WT_DD_CT20_C"	"Liver_WT_DD_CT20_D"	"Liver_WT_DD_CT24_A"	"Liver_WT_DD_CT24_B"	"Liver_WT_DD_CT24_C"	"Liver_WT_DD_CT24_D"	"Liver_WT_DD_CT28_A"	"Liver_WT_DD_CT28_B"	"Liver_WT_DD_CT28_C"	"Liver_WT_DD_CT28_D"	"Liver_WT_DD_CT32_A"	"Liver_WT_DD_CT32_B"	"Liver_WT_DD_CT32_C"	"Liver_WT_DD_CT32_D"	"Liver_WT_DD_CT36_A"	"Liver_WT_DD_CT36_B"	"Liver_WT_DD_CT36_C"	"Liver_WT_DD_CT36_D"	"Liver_WT_DD_CT40_A"	"Liver_WT_DD_CT40_B"	"Liver_WT_DD_CT40_C"	"Liver_WT_DD_CT40_D"	"Liver_WT_DD_CT44_A"	"Liver_WT_DD_CT44_B"	"Liver_WT_DD_CT44_C"	"Liver_WT_DD_CT44_D"	"DE_col"
NA	Acnat2	NA	NA	NA	NA	NA	NA	NA	NA	NA	NA	NULL	UP	Rhythmic	2.94214801419681	4.68901227837105	23.1971969452554	1.23347453713621e-40	3.69404357069932e-38	82.184512146084	UP	Rhythmic	1.39661315010265e-05	1.11278791004149e-06	24	22	0.451664663218529	0.91857589074225	8.20744077491726	1.68708359633861	3.16101867811558	2.1645652053986	3.04780559611665	1.33610966428868	3.31538094103673	2.02040285145724	2.22748912310727	1.61992807954374	1.43520329667252	2.06849747916454	2.55494157117081	1.7103577569251	2.28303807402091	2.0189143791697	1.12470750649688	2.60347602630935	2.55427836022345	2.23596602014357	3.33364432508318	2.49844836126475	4.03192023710676	3.14563635655849	2.88275181056246	3.08453106908992	3.56314971223999	3.92258922638504	3.61642933439198	2.84851481756495	1.69021550229407	3.38350383051787	2.47031096567996	2.41058283034381	2.13899637314989	2.44622544379245	0.870035107944399	1.97663842009234	1.69206556773261	1.75770359218685	2.45884785393631	3.14216047379242	3.35649240800219	3.07274622649275	3.56592708928126	4.09576026308365	4.41761906562448	4.64785387763307	3.38828244627023	DE
NA	Acot3	NA	NA	NA	NA	NA	NA	NA	NA	NA	NA	NULL	UP	Rhythmic	2.18666708548117	5.01252506269357	11.3830213489886	2.26767274641485e-19	3.12614885755761e-18	33.2844086748619	UP	Rhythmic	2.730496948998e-06	1.67885477347718e-07	24	16	1.10455610805686	1.44955592657496	29.0905382894119	3.52181739874605	5.22388078543919	3.52759851402454	4.48091642434359	1.83802653194211	3.50559264392788	1.97529570080619	4.150710913211	2.39586109790743	2.90010623136726	5.1582228866845	6.40278239380793	6.13766656698028	5.88520208717204	5.53171704788441	5.29413326563221	5.94948894599172	5.39465325953365	6.35719367783978	5.99469295454802	5.12422667356996	5.47113749526051	6.29566999329483	4.34127991621189	5.57408682639175	4.42822494395467	5.53706320456748	4.91425919702148	4.75892381108129	3.22398074590915	4.8398588408322	4.12627771825406	4.40518988751544	5.14737974499498	6.18804444370954	5.17461741752308	7.16000230626344	7.81391255168699	6.65514694236598	6.92531829582214	6.90610446279534	6.69440522634255	5.96333114322566	6.98092939711013	6.49575128824424	6.70043176148832	5.52502337402878	4.95380145195088	DE
NA	Hsd3b5	NA	NA	NA	NA	NA	NA	NA	NA	NA	NA	NULL	DOWN	Rhythmic	-2.00259391403332	6.31400530214903	-11.0344216581601	1.22058375455108e-18	1.53412010250017e-17	31.6038949291915	DOWN	Rhythmic	1.23193410070665e-07	4.68092404413578e-09	24	8	0.401916361652355	0.752872605821112	109.382612382338	1.80562130407341	2.19568089956115	2.76178617309011	3.10220670010048	2.44889723544074	2.55243273120499	2.51930303198232	2.24996131358178	2.77681478696871	2.92330199746168	2.81384465523184	2.41140442476458	2.05144795035835	2.25500480030676	2.06163587143336	2.10661434922478	2.2041237982735	1.11636549227395	2.19034751507375	1.4183667675867	1.6392793815686	1.21603237611822	1.55784559023639	1.52077326222652	2.45387655702744	1.7651494653102	1.70421763490488	1.55249969779614	2.79917708724785	2.11234374867338	2.4427057593716	2.08606646281296	3.21151430534644	2.16573318681007	2.59470847787327	3.57321626744488	2.34108399563591	1.85554734339389	2.06253148881429	1.88008550267944	0.57145413629988	0.965413441584865	0.934888284232064	1.22578912539792	-0.375011625405302	1.24682238206369	1.22254261099669	1.7978883269652	DE
NA	Phospho1	NA	NA	NA	NA	NA	NA	NA	NA	NA	NA	NULL	DOWN	Rhythmic	-1.93138780711222	2.04725519407124	-14.8872084112787	1.93051935979868e-26	7.13470665525596e-25	49.5535408081632	DOWN	Rhythmic	3.58533059527176e-05	3.35621620490033e-06	24	6	0.526636262917966	0.688790965673993	4.99212118030679	3.49770018482609	2.8121187154256	1.95413262771858	2.15907126577656	3.21140707807971	3.6087666905025	2.95806362111027	3.27942006595464	3.13709094949686	3.36384654416074	2.89868206348965	2.83769613993027	2.58125823937144	3.12433727660902	2.7255785891068	2.97930543635198	1.39310410926619	2.7916031666949	1.6492212307382	1.97785030904161	2.10438375953916	2.26051649102072	2.32030058086074	1.9684025489194	3.71771274832051	4.34671203819035	3.53297399450197	3.73306458221231	4.28586899582927	3.02977273795982	3.82485984512671	4.1732185992822	2.43567470083242	2.89810670981819	3.43708288876221	1.9033591588898	3.03293632638112	1.5323246463061	3.01788614543368	2.76522328608591	2.28376893398237	1.0226567483556	2.03172730532014	2.40315245892963	2.1188369075556	3.47917592662303	3.00465145271998	2.06612996889623	DE
NA	Per3	NA	NA	NA	NA	NA	NA	NA	NA	NA	NA	NULL	UP	Rhythmic	1.92255616352153	3.44601079753762	20.2085274287644	6.04932158678988e-36	9.38184963951251e-34	71.4172388962134	UP	Rhythmic	1.05624992752869e-16	1.21617723376936e-19	24	14	1.70709651503455	1.82689118628369	14.3500044019116	0.142379503722589	0.901733304618875	0.836742669033432	0.323488684105671	1.26172422184403	1.16000197533823	-0.322845960906463	0.0806620031738686	2.3328268559086	2.92513264025015	2.85912597191749	3.36125216861631	3.70088844778514	3.85332117042892	3.95183337778659	3.67592326568574	3.22485188932553	2.62077064191801	4.07340061599237	3.13921789511551	2.15520143439991	2.24846930334179	2.00326607707678	2.59932195657482	-1.01015857834142	0.810861477721699	0.784304474465864	-0.406613492368411	0.90115796563085	0.809853270451992	1.47717885879154	0.940792356307493	2.91655494138982	3.35770245054726	2.50452039507234	3.55390985950238	4.15824363302055	4.4685770485164	3.16776119318066	3.81951163615289	3.55197969145729	3.42411315534464	3.27473788081982	3.87796734785925	2.06613419990256	1.97899305137879	1.72207873089384	2.0420448046955	DE
NA	Pdxp	NA	NA	NA	NA	NA	NA	NA	NA	NA	NA	NULL	UP	Rhythmic	1.90400190146976	1.73257721357554	14.9757674563363	1.30272743025672e-26	4.94069333265484e-25	49.9467650561997	UP	Rhythmic	6.62571674014131e-08	2.2734180639748e-09	24	18	1.60958679132282	1.18193544759898	2.20924834319492	-1.39804504350069	-0.525982818038269	-2.12510582737544	-0.979363788849243	-1.56628090379835	-2.1967508860959	-1.69615784130613	-1.64848424489296	-2.2786121806424	-2.22049969737221	-1.70503592745736	-1.58847970400862	-0.352478319663378	0.309117755609577	0.259126037333708	0.0986846648865145	1.00857861064596	0.764001652038349	0.64810283553925	0.940957053327967	0.385987608753852	-0.236274864743911	0.874704172150242	-0.169679357467914	-2.30412540004751	-0.476860808870349	-0.740549689203261	-0.526982570138814	-0.714975850107894	-1.66499229080593	-2.1623152196595	-0.837453907702209	-2.1408095675402	-1.54397098226637	-1.07578609299471	-1.93692739679568	0.113410125697343	-0.768118150816132	0.0263923350115216	0.611273194524601	0.953015551601486	0.24480845575625	-0.399061222773602	0.439334645268346	-0.275354809066356	-1.55796760955882	-0.703123506376842	0.11025966261435	DE
NA	Cyp21a1	NA	NA	NA	NA	NA	NA	NA	NA	NA	NA	NULL	DOWN	Rhythmic	-1.84427621008766	0.576694710910788	-10.4737817832278	1.85764446851252e-17	2.02938895711084e-16	28.8868235531771	DOWN	Rhythmic	0.00302785535795959	0.000618121767376206	24	18	0.0580005308733212	0.892776606081038	2.31121140678252	2.77119281420492	-0.302098720548312	1.36997837377351	1.54958426565234	1.77585402772745	1.08431848897691	1.26627153061618	-0.284427387006045	2.74231056073902	2.6564041420426	1.81653237644929	2.23908271564345	2.25076893814999	1.85787916511334	1.69060898677075	1.08423343801227	2.6988527264227	1.32477771940508	1.62473185820496	0.92202796710612	3.52208295129488	2.16145429620905	1.88962944576873	1.8134008882395	0.313764252799668	2.2044882723629	-0.28775434743788	1.98187727815317	0.603195720586967	0.982566199885139	-0.198843697622619	0.178544463004339	0.913927100361105	1.12721163473397	0.977736906247695	2.65492662988308	3.21658800046492	2.47292454386983	2.24993896599674	1.78218714535062	3.37985220664318	3.49343924412581	3.91603085177156	3.62396533618286	2.47349906368689	2.32545538371562	1.85336353533196	4.1554327591815	DE
NA	Ptgds	NA	NA	NA	NA	NA	NA	NA	NA	NA	NA	NULL	DOWN	Rhythmic	-1.79134106292524	1.25446537195826	-11.45298139992	1.61931930282603e-19	2.30176565385336e-18	33.6206871415845	DOWN	Rhythmic	0.000489743835929605	7.27989973730708e-05	24	2	0.530265060044425	0.714637850461273	2.86287265590842	3.40906744673462	3.67695136777128	4.26359694607564	3.62345695362831	2.96250519557017	3.69967848030438	3.13842309999115	3.82980529727	3.45529242189792	3.03845753772452	2.91300794566977	2.75817626704491	1.08653990380421	3.71599633035023	2.87078672352645	3.06278905779468	2.52242625565666	2.68611120341464	1.97786803714772	2.40687799231396	3.76674215901916	2.60402342802709	3.13140645223228	4.04652649315535	4.25137264773526	3.35943422800446	3.16573159351581	3.26043772373457	2.29343051455203	3.14970358659605	3.54635672762706	3.05624722579174	2.59101741381977	1.9424676550863	2.01627356881895	3.04235314035791	2.21848377750254	2.77488528376878	1.68886682195695	2.07836987941416	1.0473983975229	0.994929350641456	0.610150601173025	2.41364688931913	1.77343431581627	2.24842908016027	2.52057702687863	3.42961396678144	DE
NA	Loxl4	NA	NA	NA	NA	NA	NA	NA	NA	NA	NA	NULL	DOWN	Rhythmic	-1.77161825269845	0.14760444096295	-19.0999957677569	4.31913033824868e-34	4.93574302469602e-32	67.1565919600136	DOWN	Rhythmic	1.90154431467393e-10	2.1894580479838e-12	24	0	1.21597730663177	1.38308276442835	3.18230927757169	2.25414537729717	2.37590156731635	3.26750640363371	3.1122944983011	1.20817633097643	1.20916199620031	1.75391853957666	1.298231610146	0.174319018640582	0.803911205028817	-0.452840821600981	0.0342669410001103	0.51506946985608	-0.641942205906724	-0.837220962348991	-0.652459299616596	0.182835003426634	0.162332556105354	0.245743901558924	-0.0743306227654809	1.78154806499421	1.57916035678915	1.90498288238471	0.982415615369771	1.78037599743325	2.09349384631952	2.73146797440457	2.71160114647213	1.62267692670702	1.66990388204664	1.1136822641106	1.36554464346168	0.126033774680817	0.0446019593774528	0.524913986834702	1.03175686902792	0.500431898733668	-0.193206321280025	-0.578614127284727	-0.55988803105592	0.670998354417696	0.208640735239969	0.269034977493509	-0.500745703857345	0.601521234903657	0.0509976689297377	1.29728953481994	1.61389307220973	DE
NA	Cyp2a4	NA	NA	NA	NA	NA	NA	NA	NA	NA	NA	NULL	DOWN	Rhythmic	-1.73856226349392	2.56090381712085	-5.64434534864177	1.75493852732982e-07	5.52433530621945e-07	6.11003303304312	DOWN	Rhythmic	0.00214246527492384	0.000412211799009526	24	18	2.33462335670783	1.5830349738233	20.8400364419424	9.81759602159602	13.716166939094	11.1426737254935	11.2402341813062	8.70329105441577	5.92408177492669	7.9469404619825	8.68473605000035	8.66068508293097	7.62289428424063	7.95265190009802	9.03759552592269	12.3392515400119	11.4188245167133	11.3918779751455	8.2727870922939	14.4061529219041	11.4068983347773	14.8325704334417	9.46061267314706	13.8738085765208	11.5849001766567	14.6258785307819	10.5096491495958	9.21950763061691	7.25914774252138	9.4669202176702	7.76904807941357	8.01735953928382	9.07315698971486	8.44382111802485	6.56109547167609	6.43964469773319	8.86995857819092	9.83198390224409	9.19975475553537	9.11617630469191	11.2671054764474	8.51377384266866	9.45232267872064	10.3279298873252	8.42674213062718	9.78344488842704	9.04522289478746	9.19979468494467	8.67012855207883	7.5334853652082	9.98938722478851	DE
NA	Ppard	NA	NA	NA	NA	NA	NA	NA	NA	NA	NA	NULL	DOWN	Rhythmic	-1.70215314875145	3.68278746614117	-16.2484302738483	5.09536700059551e-29	2.66585918073325e-27	55.4887947888699	DOWN	Rhythmic	1.52407071469209e-05	1.24593000279952e-06	24	0	0.877438501921383	1.11946607007705	26.5497265648606	6.26128911490293	6.23152321749908	6.125074092279	6.62533680668974	4.23504878504181	4.49732732310664	4.06954467101581	4.48069185590586	3.66930811613606	3.49956259230706	3.71428623917544	3.39971211828836	4.16107157275899	4.34707416294476	3.83053675555707	4.02713386415136	3.87428233808855	4.50900641543203	3.756343833728	4.539024010318	5.51627151516133	4.86728312200515	5.75589707855924	5.88265832370886	5.59895108748651	6.40601454164333	5.7743505382722	6.31577877364986	4.56600761237005	4.33212312302669	3.81637558994914	4.10109994840431	3.57701362570182	3.92496454018891	3.96586456991212	3.1726028453063	4.11027045937831	3.6856755722191	4.11345123024395	4.10785476954785	3.78401434741747	3.88875175483621	3.91214143014771	3.45828563407717	3.85505771799083	3.92791556805335	5.61998447330184	5.17458268989602	DE
NA	Rgs16	NA	NA	NA	NA	NA	NA	NA	NA	NA	NA	NULL	UP	Rhythmic	1.6917770863865	3.68622773742681	7.86856097937338	6.08270420286452e-12	3.32462466972174e-11	16.2462626432239	UP	Rhythmic	5.3253601651169e-09	1.20794007199543e-10	24	10	1.72326318069525	2.38826586052524	33.2472063907926	2.33783900551565	1.81425152701644	1.34542597553606	1.15359920907419	2.32910998679623	2.46362947410111	1.81662712811316	3.23412356884426	5.20502125305398	5.07471444721197	7.13006782119315	6.89963110751244	4.76508273967084	4.91276432426886	5.01042150274405	5.51807072705634	3.09585124132207	1.87808260055071	3.41289458444654	3.79076020665763	0.733971069993114	1.7769925782097	0.637628526167054	2.43684149078894	2.60555125192865	1.90235558795605	3.6547821062763	2.95266400387733	3.30395049692436	4.79554428876316	4.89523396975209	3.85673199826567	6.65523002142636	6.78216616212437	5.78207611244196	4.76723289201404	5.55287774674076	6.40765319486011	6.82132301413484	6.85840422963798	2.64601439357959	3.40363554142133	3.23588414260134	2.54098381992878	3.00700396185047	2.50837801374806	3.33992348657555	1.29869362525505	DE
NA	Elovl3	NA	NA	NA	NA	NA	NA	NA	NA	NA	NA	NULL	DOWN	Rhythmic	-1.6745756456188	7.17210119719826	-9.0216158316089	2.24567974267181e-14	1.63484732314373e-13	21.8134999917594	DOWN	Rhythmic	5.68979369918021e-13	1.83436066294814e-15	24	2	1.15945768892793	1.68458538072251	575.912331074444	4.5089931888668	4.73693725733178	5.57034996613549	5.5034061488674	4.6934653120445	4.79365192010199	4.68966473877704	4.79777448096668	4.32184253125655	3.70650953841501	3.40498471825128	3.32407348487029	2.1039684914796	1.92084214622991	1.91987674963548	1.82391098705837	2.57201765377798	1.87479071808937	2.09501106761474	2.14476298190258	4.63507479146538	4.18435885033912	4.30628154270978	3.58631500217768	5.26331710842227	5.46185597336161	5.07297172366724	4.87483757785257	5.49197799726862	4.80529292769358	4.98451480211867	5.27516345773302	3.66956332932667	3.47078540161064	4.0376481439341	3.83151374344835	2.30915619576456	2.62054871133121	1.7218982380163	1.90875042948027	2.21034261228795	2.54760378584068	2.10115441987084	2.83856313146403	3.01486239095634	4.61905421299118	4.9206797025046	3.64788755205137	DE
NA	Cdkn1a	NA	NA	NA	NA	NA	NA	NA	NA	NA	NA	NULL	DOWN	Rhythmic	-1.63291195534669	2.91726099468633	-12.9817738877891	1.14737065728987e-22	2.56167459089012e-21	40.8664854987965	DOWN	Rhythmic	2.20228055540784e-10	2.63715806289482e-12	24	0	1.75225647062369	1.70653156507368	28.4926856621668	8.79127733576073	8.06845503389441	7.88287103978532	8.08081065843625	7.29057949125178	6.11393514034024	5.68976566275353	6.89940462108465	4.98279263604711	5.09837093067082	5.06939646966301	4.58381515882652	5.41025875974259	4.68777076449467	5.06103700955282	5.14787046607214	6.23828627717759	6.74668756626621	5.77894238107508	7.04712704444407	6.64133608444051	7.62593533158418	7.38523709954404	8.68631355140003	8.07871946722084	8.67617994982008	8.33380745294603	8.74102598778383	6.95493064142105	7.16073648862922	6.79741042461032	7.07256737897669	5.14409774624989	4.89216515559992	5.39237711151489	4.86019165040844	5.56896647324257	4.8741169750385	6.0244826040872	6.07852274454234	6.28588727212096	6.72954089781894	5.6436590592476	7.39689957476404	6.94956920070869	8.42754524234003	8.22718698597621	7.10352980082444	DE
NA	Ciart	NA	NA	NA	NA	NA	NA	NA	NA	NA	NA	NULL	UP	Rhythmic	1.61068480676734	2.82745392731453	14.1057262798316	6.47339592650196e-25	1.85549318883398e-23	46.0419906990621	UP	Rhythmic	6.92856931142012e-13	2.3135119174575e-15	24	14	2.71420295364597	2.64167629046059	22.2323207531878	0.297114334163913	0.652328315822875	0.798458706513834	0.0349207131565143	0.151413805916835	0.683803446047499	1.6482720635868	1.78665899058232	3.13497683103447	4.67832638277048	4.66799026264353	5.49089392705183	5.77211377331242	5.67908760331212	5.70016514711839	5.15963151586604	4.1735632650985	4.07436068182688	4.64357912145382	4.37738006703076	1.76102532222685	1.48087425308202	2.03961755891515	1.51312160724467	0.243541730963591	0.743671769053786	1.10007669169596	1.15502681682576	0.96090393145735	0.804144653640767	0.657321760842941	2.54375904438094	3.91297632363542	3.70629207781436	4.42896534584787	4.36602705140436	5.90222834014538	5.46079901031997	5.40048007963416	5.91940125854988	4.01622048245866	2.17798053325462	4.246759759239	3.8373619735603	1.34152189570448	1.43643319687706	1.7292741395225	1.90528690868506	DE
NA	Pck1	NA	NA	NA	NA	NA	NA	NA	NA	NA	NA	NULL	DOWN	Rhythmic	-1.55998803698174	10.5072920121789	-10.7340991856501	5.23638885599178e-18	6.0962516373041e-17	30.1503270603684	DOWN	Rhythmic	2.04247031371881e-05	1.74262579443366e-06	24	12	0.633739661696692	0.938719888455489	2409.33651159653	11.2672654148482	12.2226378885513	12.5726991197251	11.1114674136423	12.4881071518556	12.6457302329095	13.1189281182438	13.1256877912269	13.1188811131365	13.0490260504127	13.3299213196443	13.2296301824857	14.0013307964249	13.6266174751819	12.8931571896732	13.4464604663357	12.6587780738179	11.3692071258981	12.2370951837596	12.7365488204203	10.8949009080497	12.0970129241975	11.765609596201	12.0746750778108	12.6159425237068	11.9854026666627	12.645855687487	11.8519557766745	12.4476369659194	11.284853613247	13.0000214431632	12.4552347591784	12.5573154029759	13.506164184537	13.1096372400569	13.9107968005413	13.4648916965875	13.8432043773687	13.8372067019731	13.9082253255317	11.9905525357265	11.0378135236819	12.4537305056203	12.8766208731697	12.383400123562	13.0912476593783	12.5677362887911	11.3023959045695	DE
NA	Mthfd1l	NA	NA	NA	NA	NA	NA	NA	NA	NA	NA	NULL	UP	Rhythmic	1.50921010125212	1.76441216339367	13.0798892398792	7.26066328506839e-23	1.66196185928012e-21	41.3238360780903	UP	Rhythmic	4.05961706364157e-08	1.25738283260746e-09	24	16	0.558990746549348	0.877222600131912	1.68166711084787	1.8753287469822	1.83903904431952	2.86235966825995	2.98245290162052	0.99857679667495	1.69995042978821	1.6977419119055	1.52398287472146	2.42492881512147	2.14404357274549	3.01263297217433	2.31129988278052	2.64810952787905	2.44590337550018	2.93457586775664	2.54517741408097	4.26413722443972	3.47456156362971	4.18899531020586	3.47016764411853	2.16504622415708	2.69803819532	3.2524974882236	2.25331235255829	2.00254148515194	2.11681879547664	1.88211020380353	2.62917157785849	0.248962833872459	1.04046049558459	2.41916799757278	1.20668137048062	1.97711751029321	2.3498256257607	2.36874130642037	1.91547842830481	3.47033311365253	4.24698999869219	3.28636127077775	2.94831909682945	3.40440153825572	2.60795097091437	2.78691486157227	2.97065628082532	3.36994310587367	1.75389863113571	2.4861819972167	3.76228525332611	DE
NA	Pdzk1ip1	NA	NA	NA	NA	NA	NA	NA	NA	NA	NA	NULL	UP	Rhythmic	1.50879824660758	4.10250891410283	11.6759693841054	5.54985634197298e-20	8.41195503141977e-19	34.6901327816857	UP	Rhythmic	0.000224682154699579	2.84830227201193e-05	24	6	0.476409299212169	0.649848588463562	5.77229894895313	3.11417758391733	2.99131076657084	2.8929280488904	1.90906089555985	3.76271779629437	3.69602044103428	2.3301075305036	2.55176063914651	2.48196921078961	2.18090033401089	2.9015347800058	3.60422938240735	2.01469911534596	3.23335836403174	2.14294361476143	3.1512872962995	2.21704174298818	1.60452075321746	2.80830365064146	1.95919304284465	1.65623590075938	3.07810828605963	2.44826178875046	2.38786672316769	2.68540210341164	1.78509950954607	3.09665193882362	3.62577230160291	3.33234770697511	4.01599008710766	2.71491110992936	3.85013889782056	2.96803565496753	2.44588567031567	3.46084536664564	2.44982394302628	1.84813140288936	1.6853847182633	1.84579936498567	1.94022855053278	1.49057347180764	2.20919962502176	2.09853685397113	1.60016148153055	2.04354279539419	1.87687156350187	2.18078334868831	0.639167477667676	DE
NA	Ttc39a	NA	NA	NA	NA	NA	NA	NA	NA	NA	NA	NULL	UP	Rhythmic	1.39630263262941	1.73775007565084	12.2322627768927	3.90863172684871e-21	6.99927145313011e-20	37.3405943734792	UP	Rhythmic	5.14266227545801e-08	1.69349615518824e-09	24	18	0.684326462513022	0.811983655893072	1.50222242550181	2.41378568698814	1.73996724771573	2.56937122516611	2.64904935318379	1.84366596832116	0.58384939128098	1.20543864618453	1.49528251224156	1.54757934518571	2.4160314714473	1.67931247597341	1.38176876585005	1.49759843788088	2.98487850438095	2.19542805634765	2.19163543171821	3.63130652234534	1.56263344262146	2.54874829917352	3.18874790801863	2.83013007497342	2.17630678968574	2.83726249585374	2.96106369768277	1.4439235486315	2.03432930721363	1.98311246328892	2.14591086587819	0.6867461755262	0.5750869866273	0.502602722304224	0.684916034692898	2.18018167023391	1.37547153375616	1.31081791181541	1.69939800476379	1.56548193291112	2.62445072480129	2.62388216153729	2.27311717257802	2.58347104599272	3.12224493888596	2.514909171654	2.46734755745599	2.27515510386189	2.20868757743147	2.82063063647489	2.57376427337226	DE
NA	Npas2	NA	NA	NA	NA	NA	NA	NA	NA	NA	NA	NULL	DOWN	Rhythmic	-1.35318270036912	-0.0520618409152377	-12.867875839977	1.95414229038782e-22	4.22182233632294e-21	40.3343010996622	DOWN	Rhythmic	1.69562103761615e-10	1.81569092110883e-12	24	2	1.23711187532564	1.78121825735147	3.67761631369357	2.66010400569969	3.29974795299009	3.44207344410943	2.54746486459118	2.47313440135665	1.95303810441803	1.58777162451822	1.93071837193752	0.279370276945198	0.120476988554922	-0.267776984262303	-0.715274259407007	-0.682810721298531	-0.541124899488673	-0.659207807177776	-0.547864055106139	-0.679770141928841	-0.0670102470109424	-0.72838381135013	-0.603359330804181	0.677359446045485	0.131192166206516	0.848327393128943	0.5370011370888	2.13809864850357	2.35751739163744	3.17129354584557	2.11459828639321	2.99868247125652	2.48777285317227	1.47163185893691	1.75203319057671	0.309430926853039	-0.611647692360824	-0.57635187827371	-0.192464730423616	-0.728460833433599	-0.667832838531151	-0.50437988948163	-0.498923909071207	-0.0879160408696715	-0.643860487801936	-0.611664503753995	-0.832158801068972	0.727385309474503	0.156871600004643	1.32303653314775	-0.75884680765719	DE
NA	Chka	NA	NA	NA	NA	NA	NA	NA	NA	NA	NA	NULL	DOWN	Rhythmic	-1.33433222775718	5.51997076602929	-18.3151179934286	9.70946966738334e-33	9.58258455241185e-31	64.0480188670428	DOWN	Rhythmic	1.22853809762647e-18	4.24365491408107e-22	24	0	1.5232154293524	1.75851856035945	169.897807346463	8.4171944381496	8.68102663937086	8.41035103231815	9.086187680952	7.71865086387746	7.57934520032328	7.82402434637768	7.72176310170715	5.80051040749948	5.39614808207516	5.06629677742487	5.61302999628239	5.5409324613814	5.00363225757923	5.06112633514991	5.42026659169069	6.41841665273572	6.43246844497186	5.9826207652907	6.4745313414483	7.9546623261056	7.33769229831775	7.81655653672426	7.87272840608074	8.36432211094201	8.46790211698166	8.05974803390787	8.50829262071445	7.62209966118681	8.07667593998418	7.32955606338733	7.18177183830702	6.06239377729179	5.73874206212576	5.3232366936823	5.87981765030037	4.66489616833576	5.05667246020773	4.87843643633107	4.80095781284352	6.47015211906647	6.51421912746504	6.23762883305653	6.36956322292916	8.2870970503715	7.71636088975034	8.32472341215028	7.88179393344024	DE
NA	Pnpla3	NA	NA	NA	NA	NA	NA	NA	NA	NA	NA	NULL	UP	Rhythmic	1.32348803746184	2.0119466886876	5.42037956304858	4.59467640100335e-07	1.36847615029884e-06	5.16830293942403	UP	Rhythmic	0.00321919770469082	0.000669415204913255	24	20	1.15475515595936	1.01032917448919	2.44142507519789	-1.13404996024768	0.488552416285916	-0.489915756833385	0.995975547257993	-1.27544151857784	-1.00989346744078	-2.0825634790234	-0.940276079657042	-0.424558652730691	-1.03438521011905	-1.26425807981019	-1.46379598485544	-1.60000647776361	-0.580102382107283	0.222917526376303	0.760232448760816	1.10539396712198	1.05557501547704	2.07492006949181	-0.428581173717243	1.24617475852245	0.0429993659419625	3.40948267419303	0.36881232296779	-0.599553081517743	-0.410284368109997	0.101706750311743	1.74818392690189	0.00484915545800257	1.2868330812442	-1.06321208777566	1.17822783293551	-1.44690174656631	-0.289972203527394	-1.04824694178017	-0.150131631291659	-1.43544906003719	-0.570400866530078	0.164083873854546	-0.419931798277483	0.905338674159115	2.28087724926384	1.15217665316979	1.17309851164271	-0.918522671813007	-1.04455824571328	1.57192647482467	0.591387155296423	DE
NA	Pcsk4	NA	NA	NA	NA	NA	NA	NA	NA	NA	NA	NULL	DOWN	Rhythmic	-1.31352064773806	5.44624381010918	-27.0049745515416	4.99798174398943e-46	3.61728928721235e-43	94.5291237883182	DOWN	Rhythmic	1.62045275973485e-16	2.2389675436751e-19	24	14	1.16432842838004	1.35097082693952	110.345330288583	5.48845763154666	5.58862399730763	5.40010431611599	5.58313529756168	5.62292696105618	5.66645467579305	5.85905965025623	5.93538856194694	6.66987493896626	7.20099807381973	7.52094721210623	7.45708199941412	7.6762154758169	7.57795820107766	7.67573660429869	7.60096205502668	7.15237214919575	7.34161634015772	7.18547310907152	7.14558050522092	5.84282651827939	5.98146866097881	5.96553275568795	5.7675200761435	5.41132664628165	5.57400240415961	5.2273840941594	5.52995800395379	5.72758560714918	5.68156953642165	5.77661557849342	5.98554122094359	7.16001366620884	7.23771785704095	7.52206018886188	6.86552016043292	8.39774337953364	8.20745305787891	7.69796655801782	8.21512237384071	7.16651222403616	7.0631354879075	7.35608590499077	7.01702662567349	5.70626237920974	6.07000365091341	5.92980511281881	5.89967648579962	DE
NA	Dbp	NA	NA	NA	NA	NA	NA	NA	NA	NA	NA	NULL	UP	Rhythmic	1.30946958758761	6.61689720129076	13.7694478251219	3.0013967102049e-24	7.92313994775975e-23	44.508507594875	UP	Rhythmic	5.02850632462279e-17	3.4739249220192e-20	24	12	3.20644258676744	3.12324185917582	499.676678052678	2.79229162975979	3.34021623265467	2.7116083019153	3.09477934898394	4.6629385103449	5.66853899717972	3.41722416752643	5.54399935573892	8.13188655540117	8.31615526519333	8.61546972425044	8.72376108052397	8.73044457373919	8.44758775827188	8.66017177259183	8.50209832828469	7.12219065898214	6.57139863223226	7.53939112687162	6.5606094331083	4.37942682144649	3.75068333957738	4.00065467767739	4.33340667532801	2.6664682839115	2.58296819031263	2.26759951061271	2.30254472772024	4.09585225769598	4.73266301402456	5.38605842855321	5.57541946513993	8.35419568246982	8.07268023783948	8.37058989747701	8.57247980432259	8.6294721689256	8.94012258127228	8.23979593347435	8.34690933035592	6.65824601539464	6.0901574249847	6.7350410242415	5.9421270564498	4.78943419369503	3.81441881536997	3.80029393804796	4.11831554331209	DE
NA	Sdf2l1	NA	NA	NA	NA	NA	NA	NA	NA	NA	NA	NULL	DOWN	Rhythmic	-1.3036049804472	4.32651909613366	-10.833760804087	3.22772487164682e-18	3.8401082890757e-17	30.6332235418326	DOWN	Rhythmic	1.28528960965693e-06	6.970309800212e-08	24	0	0.641421330373078	0.833925078645567	23.5015069656952	3.4177944597636	3.82827625395227	4.33036947285826	3.99502227718662	3.14295059567566	2.49335994590296	3.89317716025869	3.05549011414157	2.41311913073521	3.00261618923678	2.68594519327059	2.5106877151546	2.93235101497152	2.74828176871979	2.22142780504739	2.26093054670423	3.29791383970532	3.48171373197405	2.25503908119005	2.95120868785117	4.31716704704234	2.91936460174829	3.73313291277389	3.57504873529117	3.68027022524399	3.46921253557449	3.44585972975354	3.57275039594152	3.37827139355877	3.81823439126393	3.32256923223856	2.78658751489147	2.75927436639364	2.90761998726306	2.17704173374005	3.02424882698605	1.90698178476918	2.19757284750623	1.59888957707879	2.13745931023035	2.998471297947	2.13185391940877	2.95001137846513	2.40616031176476	2.7538974538784	3.22823910271711	3.56500482764123	4.84503761714089	DE
NA	Abcb1a	NA	NA	NA	NA	NA	NA	NA	NA	NA	NA	NULL	UP	Rhythmic	1.27965990804432	2.48816109185658	12.1176933263026	6.73525379247818e-21	1.15604109066547e-19	36.7969092838064	UP	Rhythmic	0.000125979163445348	1.43313084034546e-05	24	16	0.650625645981193	0.724719641940073	2.37439736567368	2.33447564753285	3.88707425650853	4.56436405586779	3.1593941698544	3.39345528966748	3.2776889865725	2.52053806773162	2.92290218863133	3.25204916149125	3.10470280430355	3.45246175692234	4.32603943657585	4.6166178900857	4.13265004682671	5.20093449736825	4.48063815638037	3.4523028641043	4.51113220954676	4.21892243229767	3.87896640265565	3.05277715646797	4.028221130181	4.17062240922448	4.01463409991411	2.51639495611081	3.27660166037633	3.40370135299873	3.7182801863947	3.63773871977836	3.1697528765906	3.15945097404615	2.880808180895	2.41536130981673	3.03435973547583	2.69012660273641	3.81299836956415	3.90165257448198	4.3111200659985	4.28901652552241	4.74650687196562	4.98246080116315	4.98194037082282	4.65021912465681	4.54539621212772	3.09116599837488	3.44904134143314	3.84389942973127	4.33049152725217	DE
NA	Tef	NA	NA	NA	NA	NA	NA	NA	NA	NA	NA	NULL	UP	Rhythmic	1.26233377472658	7.02970079190184	26.7632682810434	1.05549390360364e-45	7.05151119445973e-43	93.787133773009	UP	Rhythmic	6.0222159833524e-18	3.46702129150973e-21	24	14	0.918090881588862	1.23606603118064	117.630950018262	5.2115165086522	5.46134651281587	5.56167211915739	5.44921055638335	5.36584445980689	5.81062458150669	4.98666586255774	5.53760968901528	6.88785364471194	7.09566991352097	7.40528174541862	7.3510198968897	7.52716825373873	7.63750753596647	7.61075673397398	7.5589075307059	7.16220690991965	7.28150985077446	7.2821982585562	7.45185427580102	6.42923583823718	6.79279230859377	6.49199254626362	6.27248076420863	5.01108775199999	5.65948515106983	5.45093379920969	5.02285082294855	5.65043438804388	5.52326020083436	5.68647109404822	5.84253241161257	6.78178095849316	7.09050743811223	7.16512786617685	7.26064636345513	8.00773920729489	7.92590516917713	7.36912669900196	7.62162747362992	7.2127296615515	6.93345051536087	7.24101192105593	7.04936323913341	6.39768223322293	6.46419715868711	6.13459860568134	6.23331309908781	DE
NA	Fmo3	NA	NA	NA	NA	NA	NA	NA	NA	NA	NA	NULL	UP	Rhythmic	1.25932209130453	0.567598454705835	6.40090570621868	6.04461316138595e-09	2.28747125519115e-08	9.419854801892	UP	Rhythmic	3.27529442765105e-05	3.01319544927253e-06	24	20	0.49288951730191	0.587085516572061	0.513343351184984	4.88077591721293	4.63758759674408	4.72036302267402	4.55808656566865	4.22399661493213	3.50686317853695	4.89640033914457	4.55638876430885	3.68654737140757	4.13364397591778	3.7057170756258	4.74446321058727	4.44804459310075	4.09360356327086	4.22447463096904	3.46334744632222	4.07274454860853	5.29190507718272	4.58743572035241	4.90299093859814	5.52769427648913	5.17990368293631	5.76925240269291	5.40054375478077	5.80259688344946	3.83572742148787	4.96808761081492	4.15883608498144	3.82094868577545	4.11375584078825	4.1500006599217	3.57765574952484	3.62052412341399	4.05919811908565	2.81925944446801	3.02955726912581	3.69727358838387	4.6385996081412	4.55375240974141	4.47390515269037	5.10030649474196	5.21333804921823	5.03790310010274	6.27754763808462	2.73929377867885	6.78419450652481	3.72761989804696	4.85150281126284	DE
NA	Usp2	NA	NA	NA	NA	NA	NA	NA	NA	NA	NA	NULL	UP	Rhythmic	1.23337833649534	5.50918804197564	10.3723985956637	3.04443423919805e-17	3.26834503923795e-16	28.3939989741659	UP	Rhythmic	2.45831305136886e-14	5.94410755080554e-17	24	14	1.82919673869125	2.31851164200866	120.54415593949	3.48034609700189	3.046374302825	3.10895764783774	3.76831031007494	1.09668226742797	1.61292441461052	1.90546456863423	2.30374240377961	4.91405604247483	5.62339644897169	6.1858937901883	6.2617007965058	6.9130252933214	6.96165828426162	6.63292263290015	6.59172185078378	6.42929196753895	6.04984356553322	6.36967924241915	6.62652325417502	4.15541896175792	5.24335570178539	4.88589470741145	5.38801456706761	3.26500236854346	3.18497562982602	3.0948793025721	3.03064245971982	2.38298519861801	0.604705750298973	2.57799997159788	2.43419624308986	5.04049268605792	5.42310220888412	5.62423502154967	5.39101594984558	7.12296494454567	7.02811570087258	6.94483198115527	7.32036766118825	6.24114134384217	5.40228974887873	6.18260603175546	6.13038364101448	3.90418343284366	5.27504455790493	4.35625649379929	3.80625147642109	DE
NA	Spon2	NA	NA	NA	NA	NA	NA	NA	NA	NA	NA	NULL	DOWN	Rhythmic	-1.20009443713878	3.51636015179128	-11.2983436518996	3.41039334030441e-19	4.60454107986942e-18	32.8769300325576	DOWN	Rhythmic	6.0105333894582e-12	3.32188373856066e-14	24	4	1.16870786625448	1.50593664148097	31.1672222259621	5.7807320990395	5.90129246436492	5.42434812420458	4.64561257326659	5.82072245366724	6.15828349182979	6.17784781377736	5.81883545944873	5.01700080398882	5.29078424412596	4.25415653264799	4.12656647545235	3.09787254891783	3.87189286171106	3.48367424044993	3.79472669446787	2.27772787769885	4.22622979545663	1.89278991760735	3.37142733730421	4.41671728015475	4.91278408700519	4.34853606115738	4.76935659325339	5.26743224667725	6.29206281086549	5.87981899623161	6.27367334616514	5.98308172701904	5.95876574824927	5.47538472228402	5.97140693928882	5.06388752339893	5.03989467197403	5.36697479311501	4.10756917516113	3.92922837223241	2.70028691594936	2.60196608155822	2.89762483137567	2.84863314887603	4.12768223198907	3.36980790596368	3.19969517903722	4.32545327920473	4.98497803395835	5.32198175498048	3.64404930704325	DE
NA	Smagp	NA	NA	NA	NA	NA	NA	NA	NA	NA	NA	NULL	DOWN	Rhythmic	-1.17929540479376	5.45061315213461	-30.0161741084122	6.82908833133091e-50	8.47294745108699e-47	103.346230649127	DOWN	Rhythmic	1.99277035554006e-14	4.58899333457699e-17	24	4	0.548119377616371	0.625695337353152	35.5480984750896	6.53185928919844	6.34358621923056	6.23447087804347	6.21270192098766	6.68257910112836	6.51419730404182	6.59332802000504	6.61150634319019	6.29040508751368	6.44472486581758	6.10499021399998	5.8797745821649	5.53952738969256	5.756336373122	5.54409072998711	5.72721511021058	5.26052378970455	5.38921896470981	4.99942398617268	5.54033287672311	5.79224035924166	5.72244005425609	5.55472344117564	5.72996309840348	6.53009974758355	6.23923059586453	6.38345634904341	6.30385758389313	6.49642990295586	6.27910340701336	6.25522252531772	6.27404378976006	6.23481862651466	6.25684018896143	6.1509378010832	6.08374935122579	5.38606546563025	5.72149406739188	5.60156305681841	5.46185909943526	5.3280888285064	5.31094799260703	5.07633257949451	4.99925234383076	5.45669342830829	5.65327263060237	5.67104626541196	5.58874773976546	DE
NA	Slc2a4	NA	NA	NA	NA	NA	NA	NA	NA	NA	NA	NULL	UP	Rhythmic	1.14924539037497	0.788962204160116	5.87632452300708	6.36166464215407e-08	2.12749547235688e-07	7.10500968179045	UP	Rhythmic	0.00419107845904408	0.000916873813722941	24	16	0.947376400637421	0.748123530851218	0.788592015045733	0.0450596757388382	-0.140449672604958	0.576120578104509	0.367359699276278	-0.0524336954484111	-0.173959243345742	-0.0566306886271785	-0.0932225353735291	-0.160071821901436	-0.188879221997437	-0.10158559666631	1.34429871234362	0.614385836539449	1.26323854114891	1.91819332477114	1.66182204985005	3.55183224099173	0.502083837838311	2.68076203245153	2.98686191191483	0.521636707077871	0.757768544031965	2.54877033821717	1.25278897541729	-0.0333064427102163	0.582300075593913	0.900981330117918	-0.0649061628720944	1.35766774247588	0.629150819589508	1.00607292060509	-0.102138883162252	0.505099014336643	1.24025644676355	1.16977099396336	0.375741012655823	-0.10426191352331	0.997886757117147	0.400943116538599	0.319405402502397	1.96382756335101	1.55826458994721	2.0385674880211	1.03194140487523	-0.427193447309499	0.524207399602384	1.98109726093409	-0.064384285725015	DE
NA	Slc41a2	NA	NA	NA	NA	NA	NA	NA	NA	NA	NA	NULL	UP	Rhythmic	1.10768746057124	3.93474824186252	11.7755915632148	3.44411211327654e-20	5.36517694759293e-19	35.1666824282644	UP	Rhythmic	6.94893260056872e-06	4.9606657597612e-07	24	0	0.461089886175388	0.616101064482058	5.37783742624908	2.76992923302975	3.02696336787443	3.16319776507604	3.23516842114015	2.17006677640969	2.10249980166442	2.78679420846092	2.43412892562548	2.49855626397286	1.96050981716042	2.17348210620893	1.42095282752986	1.3243209769052	2.43106372367651	1.64483305335915	1.04129484543735	1.78204935512318	1.77768556061234	2.09660595369546	2.71574112021314	2.41677816661357	2.10298538673471	2.71101200839816	2.14517744310485	2.54492172505994	2.5110322091883	3.15437142288922	2.50225229176781	2.18995407769399	2.87263042457182	2.74859052282117	2.35604612655143	2.29013858266836	1.7355358580102	1.97857179807269	2.69856379605909	1.40873554955765	2.14535407852	2.44826224755544	1.45777736199257	1.92253843752154	2.77598180254352	1.20352089684826	1.99749579825082	2.94217424328705	2.71182142629406	2.82708668661732	3.28666198370555	DE
NA	Plcxd1	NA	NA	NA	NA	NA	NA	NA	NA	NA	NA	NULL	UP	Rhythmic	1.07454293079242	1.08124642200924	8.56030538010363	2.13250571837703e-13	1.38940826437393e-12	19.574375000904	UP	Rhythmic	1.14860245977032e-05	8.86083647721494e-07	24	10	0.680639840823125	0.725492742761099	0.975882783520552	-1.35303874833412	-1.24649502433344	-1.14572768429712	-0.486707220939587	-0.492800458635145	-0.114710872538288	0.466428707910856	-0.198881567757731	0.570967731370543	0.27302410275244	1.00133339308872	1.408049919053	0.106184786207719	0.96226067581395	0.159728598806759	0.475862873043941	-0.571862019720681	0.132847757509219	0.259355096553068	0.139172031101681	-0.618395920205725	-0.0331284538786221	-1.2014762897767	-0.54955475293457	-1.16038772116359	-0.154011617049455	-0.292903340398345	0.521716943534495	0.147128849349054	0.706215747172905	0.512336000431271	1.11334250698152	1.11192187600543	0.659154486329546	1.69975037230242	-0.483284240867098	0.257658133913265	-0.111399589054741	0.307173262845999	0.836197528517788	0.201496964680821	0.301473457068023	0.000475204750542413	0.908795236930987	-0.156051561201604	-0.246016920672475	-0.199112328180858	-1.13550940255191	DE
NA	Irs2	NA	NA	NA	NA	NA	NA	NA	NA	NA	NA	NULL	DOWN	Rhythmic	-1.06982414911075	3.42514332710158	-6.39195325715218	6.29625902023737e-09	2.37648890007655e-08	9.37966778427113	DOWN	Rhythmic	7.52928507012679e-05	7.79369865059756e-06	24	4	0.806106039353535	0.86754691216366	13.4306551394275	6.33798653071876	6.67740624020024	5.95379683358334	5.46163562292137	5.02437296014992	5.0797005258821	5.9955344918077	5.78661725114437	3.75487516625892	4.72933648919163	5.07574597038392	4.73693266869973	4.97183003582361	4.8230885378202	4.32162952935674	4.08970435907499	4.17361349745758	3.83994239550305	3.9351865491943	3.80663934332668	5.04414990195147	4.48601901568096	3.90929245532221	4.86772857525645	6.09830614100775	4.79819698543527	5.91629647548558	4.44521235851196	5.67513193156114	5.27772935388804	5.41376541705313	5.12033487941244	5.51782834099498	5.32411599780973	5.16699508655984	6.19716544869219	4.17529207878043	5.55428802456744	4.69619452178179	4.35386064396803	3.59726382484539	3.212631229941	3.14903739927292	1.60091320151261	4.53984248278696	6.07218601037145	6.11282013074699	4.65817611593083	DE
NA	Clec2h	NA	NA	NA	NA	NA	NA	NA	NA	NA	NA	NULL	DOWN	Rhythmic	-0.989445676919727	3.72234994098272	-7.37184597736707	6.54438296818024e-11	3.17176149992441e-10	13.8912461239387	DOWN	Rhythmic	5.1521738168585e-07	2.4500262364566e-08	24	8	0.991608705036521	1.07910136758014	21.039756549052	3.13637714198381	3.83257814703689	2.43116182147248	3.67015220825221	4.04491830833673	4.99119154987123	4.54202732910329	4.17369258145353	5.03431087427326	5.10773090495709	4.49124667735851	4.42124547690313	4.76383794106847	4.53100253810245	4.13466081913096	3.87177506619461	2.58253615501077	3.01243011892806	3.54648847576739	2.17563699613026	3.41561730605885	3.13968084987342	2.66211012995411	2.99080270632524	3.63907788389424	2.89026972553377	2.47417770140581	3.02101487805541	4.35909997966476	4.67603424476123	3.91787353887719	3.51775935565917	4.25793533437541	3.8536203610505	3.98324489671793	5.8480110454761	4.49600320769738	5.21364804029203	4.02445460190407	3.58211262152664	2.11402724714628	3.18047780018849	2.51278459104946	3.35905130643834	2.69277405893261	2.48299816428979	1.47258389284505	3.09463351201566	DE
NA	Nr1d2	NA	NA	NA	NA	NA	NA	NA	NA	NA	NA	NULL	UP	Rhythmic	0.975022161021897	1.99198494801134	8.08689668492741	2.12161946926996e-12	1.22841767270731e-11	17.2916699352089	UP	Rhythmic	1.52407071469209e-05	1.24593000279952e-06	24	12	0.636396273130209	0.913358393535386	2.52502269901409	-0.0149001975694547	-0.132936912024016	0.473547125028084	-0.118825459631194	0.973799890894176	1.70841241951405	1.8070655021128	1.96335993023007	1.40091677760624	1.8650057392094	2.48070156373079	2.39531996155883	1.8337276568203	0.900268023238021	2.77876358300225	1.80497417287721	0.589021382156686	1.58626423250426	2.20430764153289	2.11738934396507	0.641739420937553	1.45998753628415	-0.0454692077733067	1.1724516373898	-0.672095843237282	0.389376983390826	0.819007120122053	0.267529333669273	1.99848711255196	2.09444540254291	2.08275637907852	1.7242490368503	2.7194884628423	2.43717817846701	2.16024742486974	2.91204755346922	1.58973950076336	2.81889160424398	1.27277615996387	2.08938110452761	1.92021358905774	2.28778904709244	2.55970484799906	1.70613506335393	2.07403079692145	0.95650354605751	0.508813670556197	1.53268647204044	DE
NA	Slc16a12	NA	NA	NA	NA	NA	NA	NA	NA	NA	NA	NULL	UP	Rhythmic	0.961671871618388	4.15468805852159	12.4583592059572	1.34036676231456e-21	2.61597423161842e-20	38.4099838294695	UP	Rhythmic	3.42676164695967e-09	7.37828932621138e-11	24	16	0.842209855237597	0.748773631188726	8.623740570477	2.30669314776203	2.79240815143632	2.37455700801078	2.49089492532042	2.11532646900658	2.2000177578486	2.00163647448506	2.54936180834116	2.03577034150145	2.21470225075874	2.93732421638997	2.95822904400733	3.49775774740332	2.95120353660906	3.8075797613712	3.34773912058171	3.55081404783989	3.53026605364513	3.7386483869819	3.71564684120259	2.69454920475709	3.24354977299359	2.82876487286666	3.68565198241946	3.20178846491216	2.09317748619376	2.84434376146743	2.4367050920313	2.25573137402274	1.80047272821699	2.55826976532545	2.45688443140865	2.63609627899723	3.07092058338775	3.30465097703463	2.47556192583978	3.8592390725137	3.9881894141146	4.17979782708239	3.98576199564965	3.38179276020435	3.00214529032026	4.18393025921227	4.10175575232309	3.80157300182022	3.43786194080377	2.80513629036122	3.2969734946301	DE
NA	Cgref1	NA	NA	NA	NA	NA	NA	NA	NA	NA	NA	NULL	UP	Rhythmic	0.926603178095824	1.77364888155493	7.69864342809326	1.37583760218884e-11	7.26833915754872e-11	15.4366907617169	UP	Rhythmic	7.49152447162721e-08	2.63087503033541e-09	24	16	0.694013588314589	0.959664660405572	2.42284221188026	3.73568312431286	2.12944791787282	2.19517108423462	2.18233642216767	2.66374683063139	3.59828673071515	2.98687550720322	1.68330346481918	3.25330577259368	3.1470837799846	3.72367991042641	3.16910815251366	4.04827453351762	3.59097183774131	4.48265114204196	4.57920651999616	4.63833887231971	5.11885897066114	5.0128855721071	4.12246746400455	3.72538474944632	3.2198590728609	3.62799412101922	3.29914057005863	1.80613454200423	3.44078965764354	2.70099655209406	4.02030899815539	3.03523790733902	3.60028356381175	2.97144659638065	2.76740791697418	4.06873748535185	4.40236121515471	3.82196606294967	3.18140212035916	4.78787198592301	4.23411259452222	3.86889657382328	3.87085794724812	4.1372423559274	4.44699634152091	4.60713019560887	5.06295872929426	4.67765240113732	4.35926055638636	3.60295230478497	4.15175773890729	DE
NA	Nnmt	NA	NA	NA	NA	NA	NA	NA	NA	NA	NA	NULL	DOWN	Rhythmic	-0.918272667939126	7.43102754671618	-5.49921687753126	3.28091628494709e-07	9.92848708528413e-07	5.497585410173	DOWN	Rhythmic	6.32156015112809e-07	3.19535395088685e-08	24	18	0.539602494761078	0.666710663001996	135.912185426432	8.03714954912085	8.75114343100536	9.24591422166779	8.85565180830725	7.98030352755031	8.41877099895485	8.43715794851867	8.59315000892289	8.4469877466518	8.7534113945396	8.42082511658232	8.35689276256934	9.36284282378397	9.34258097474958	8.82441956130159	8.82524502213518	9.58387044844277	8.5276814911346	9.40381283849319	10.1756039025849	10.0472800951122	8.77828972061705	9.69867234730014	9.2045875245352	8.30249774839105	8.25981726832862	8.70633276452907	8.22298575528095	7.48198787619808	7.98017240101778	7.8326145079083	8.15038992587684	7.64522440132287	8.55491472308499	7.69919303086836	9.19547848464467	9.12559882184143	9.61182081011605	8.95909141932797	8.25403505729239	9.55100099653217	9.42382441156564	9.46206934660216	9.08225109670451	8.77519703878831	9.08595045574603	8.61899470993841	9.76596978549272	DE
NA	Slc16a5	NA	NA	NA	NA	NA	NA	NA	NA	NA	NA	NULL	UP	Rhythmic	0.917836329996081	4.25588872778135	8.37367630389082	5.28524107769357e-13	3.30708348413319e-12	18.6722217992963	UP	Rhythmic	5.69762123346946e-06	3.91649956981148e-07	24	16	0.67214752249108	0.81129943813312	10.8097633432339	4.47861802746518	5.96452165879148	6.07406627511523	6.69158696406897	4.33331306697707	3.9654615507425	4.99982468728717	5.68593098914014	5.37756092121548	5.69754063852046	5.44340042821461	6.50631597805934	6.29514345804932	6.65158190396509	6.26644871542983	6.2378378355782	7.07341019303093	5.91625532355733	6.78984298963753	7.01854739358118	6.6364911313625	6.18897075982819	7.49396705868188	5.15958217454411	5.3006409179479	6.39301168541082	6.08431460334078	5.026464616282	5.58104077158985	5.07512978712909	5.91568925440926	6.21440760059114	5.28838929109314	5.88203338326659	6.30916595470652	6.55356808632507	6.71309383711894	7.58155761706667	6.75317300905352	6.99297844883788	7.3488424319298	6.77809704014937	6.58394208550324	6.45703464437108	6.36147005291963	6.73626403452601	7.14639889570844	6.98680010908523	DE
NA	Dyrk1b	NA	NA	NA	NA	NA	NA	NA	NA	NA	NA	NULL	DOWN	Rhythmic	-0.915893308427418	2.85208276240595	-10.0964888374952	1.17013763422821e-16	1.14702543490654e-15	27.0511527378694	DOWN	Rhythmic	1.41350300290539e-08	3.69447532135319e-10	24	6	0.582955924327567	0.736979770447277	6.68416353927059	2.78448256168073	2.98792244864568	2.91812353816383	3.35264017357955	3.97231303654817	3.65068713771367	4.01402764367164	3.63830386653917	3.4625303663865	3.55940071094145	3.43390179759811	3.62325965377313	3.77087971174594	3.18493158950505	3.48713411766459	3.15213862918119	2.6791529615955	2.3368624768506	2.28531168686354	3.17330460075974	2.30235687547416	2.2162283484037	2.53875440427132	2.50963586731475	3.19658730681747	3.53996550920458	2.84610741808869	2.52085169151634	3.40083949388758	4.01759071371484	3.46272152870801	3.73054280142778	3.6796357223251	3.45290808917169	3.29945734555083	3.44864875217612	3.41083061782468	3.63451511330878	3.14418856997971	2.58385851224809	3.11382192633037	2.45180883668777	1.58517802583761	0.620836760376241	2.40101911206939	2.723355168158	2.57256190265993	2.1435527189298	DE
NA	Ndrg1	NA	NA	NA	NA	NA	NA	NA	NA	NA	NA	NULL	DOWN	Rhythmic	-0.909810522828057	3.16843660618227	-11.0606119276418	1.07528827820626e-18	1.36533314272242e-17	31.7304177644285	DOWN	Rhythmic	3.04871001783259e-09	6.24836365197698e-11	24	4	0.876025527398717	1.03499017818964	12.7707188184604	5.20662464504728	5.50585017847708	5.04733987283291	4.45148086127876	4.85658250646872	5.26632830627408	4.96440453610314	4.92501156552163	4.77473409563226	4.32108777327258	4.1032022225574	3.81104710255447	3.02872618581521	2.78486912737161	3.47957917529575	3.65992558203267	3.39546499905255	3.6004700504195	3.58694446552963	3.06322991064334	4.16192960356371	3.91324293382408	4.01072913362321	3.80539413908902	5.21035560210413	4.61944543959964	5.21302171175465	4.55397814684559	5.526928302317	4.78374238393602	4.89045706378414	4.31500765768721	4.2478809862568	2.87464275049173	4.80956146277405	4.44014773706845	3.42800085136043	3.69631834966147	2.95105855801727	3.28878937918338	2.53216449317901	2.80610854362974	2.98601191954291	3.14716683585367	3.12411553831144	3.54643778082309	3.7008199470111	3.25980510891357	DE
NA	Gm14403	NA	NA	NA	NA	NA	NA	NA	NA	NA	NA	NULL	UP	Rhythmic	0.885670486022752	3.42507421347292	9.95365426621068	2.35149320871136e-16	2.21745043622781e-15	26.3552622566824	UP	Rhythmic	6.32156015112809e-07	3.19535395088685e-08	24	16	0.651105168461512	0.823429368921771	5.96317043205657	1.86696518208926	1.1448477611891	1.27364389465221	1.32104594962341	1.95749821663007	1.99049193334657	1.21373421895323	1.92769880281301	3.05864315843927	2.13334585277677	2.42119337116541	3.03910278509987	2.92976731235512	2.63555877910896	2.69193368324862	2.93643994788339	3.12610223385604	3.11984641167824	3.25867943766742	2.5349343497525	2.94048953280401	2.34206613852594	2.87408924812197	2.29902809361325	1.66541608016133	1.56792133185557	0.674618668999783	1.15388351813507	1.40920995938346	1.14705059251698	0.511222434354572	2.35862712315693	1.99171233985911	1.77403934098963	2.24438490632795	2.78894678507409	2.60146458887948	2.17737017148503	2.84503218395528	3.21432727486472	3.49332347649757	3.45820103259561	3.23403819298462	2.94949712893157	1.90893094284075	1.41935909064766	1.49316745797869	2.727083586145	DE
NA	Ethe1	NA	NA	NA	NA	NA	NA	NA	NA	NA	NA	NULL	DOWN	Rhythmic	-0.877753783865363	6.87853223260619	-14.5542460914873	8.54430281675898e-26	2.82156920013505e-24	48.0664558264659	DOWN	Rhythmic	1.45135845948323e-10	1.50399840360956e-12	24	4	0.412332223832104	0.611309051303931	84.3466660565883	7.18467455954432	7.75271986390738	7.81388556425616	7.85829002955937	7.93214770565693	7.99883549757811	7.72984024373447	7.91533515232317	7.70991950540536	7.66164691037252	7.44231191353052	7.52403205044167	6.82619092378538	7.11015779718383	7.16959404076056	7.27168486721366	6.3894328305901	6.65199821822876	6.44959703649373	6.53884698834045	7.7680648841624	7.2970003038075	7.548279880904	7.44645576546264	7.8912012904983	7.67188243626614	7.44399219778645	7.99577630600604	7.60234584850534	7.9774188988577	7.64144996530363	7.62292891040692	7.23496698420794	7.15345915493238	7.37026206740415	7.34828114709282	6.35100349805131	6.49267263606734	6.4268785958139	6.53897804786459	6.68727446245273	6.8793111626399	6.7015069002873	6.65287357904714	6.38468747779848	7.11019016396179	7.24243539360825	6.96908144936936	DE
NA	Per2	NA	NA	NA	NA	NA	NA	NA	NA	NA	NA	NULL	UP	Rhythmic	0.875429267819033	3.89182872170991	9.55088397149862	1.68633232483353e-15	1.40151160202671e-14	24.39175180956	UP	Rhythmic	8.10918596043005e-17	6.53590117708813e-20	24	16	1.09102261047982	1.66133542105567	23.6537118032622	2.39751074999415	1.70201326507676	2.76028352885698	2.98583324611866	0.59076260012854	1.24694482386795	1.09300827268612	-0.0315485855052871	2.65981754084723	2.94847782290495	3.35704015312308	3.10068251044258	3.77658154443973	3.60599988917739	3.91281848970482	3.72885563437204	4.66636011149217	4.45760250627478	4.50159465435528	4.4077591027292	4.19796428347483	4.06695656348491	4.3493615373998	3.95749312102145	1.29670648907959	2.25912994217073	2.18010417514739	2.56370748413001	0.842792622230664	1.12727466100785	1.66544509489455	1.80481224114259	2.01509453020537	2.87688722233249	2.34252160572577	2.73548589104853	4.23585672152784	3.88328571558329	4.24491176588599	4.30387001396745	4.42971607957246	4.55722974321505	4.66566632445618	4.94827417524366	3.60341123880051	3.42557996407808	3.40961132056216	4.35145034554986	DE
NA	Fam47e	NA	NA	NA	NA	NA	NA	NA	NA	NA	NA	NULL	UP	Rhythmic	0.871398183394477	5.46331585787667	12.3542680396244	2.1925306797717e-21	4.06883097303787e-20	37.9182485916516	UP	Rhythmic	1.30697919345414e-11	9.48067808723208e-14	24	16	0.735644078813561	0.742444236436035	21.6344907984276	2.46075516806864	2.93738118866618	3.30854096915281	2.83189848170093	2.26037337508596	2.64570865086471	1.7188433428755	2.41446902121158	2.29792720087303	2.75525612919405	3.15897614354972	3.32822890844606	3.3422840688478	3.67890580469733	3.78570253643628	3.92697148608251	4.10515417294502	3.87225631503853	4.4971520391018	4.04329512844776	3.45388059460416	3.38053270673288	3.7941387678394	3.42133063577454	3.23353389048114	2.66512882611709	3.22450255555144	3.16759950604824	2.94193399953213	3.02534759592468	2.03285541759044	2.67102094661052	2.53810631774067	2.62877868469019	3.45435594300055	3.16153485850034	3.92769570331914	3.87021824625807	3.95011012467833	3.53346645613833	3.91836686271685	3.91067663205447	3.93739386893933	4.02635327236587	3.65459032140751	3.92074613771972	2.87354668691084	3.52349981707533	DE
NA	Derl3	NA	NA	NA	NA	NA	NA	NA	NA	NA	NA	NULL	DOWN	Rhythmic	-0.860968702656848	2.27739123393607	-4.39109724311039	2.95894857315988e-05	6.99278050554928e-05	1.12345691898023	DOWN	Rhythmic	0.0159638339267956	0.00459155522730403	24	0	0.749889191610831	0.736880059312686	4.28861892667158	1.98558526272192	3.14464312554435	2.11382111408252	2.17022799828872	-0.190998019705325	-0.0418253439469143	1.16196399524959	1.29973712425291	0.262038815502698	1.16279944005733	0.409213284574176	-0.0156423935616383	0.744385737527976	-1.24299982924272	-1.05780667378297	-0.0779180790696619	-0.486158088961412	1.24547405196766	-0.196815479024266	-0.183315365811133	0.90192825742246	0.271159335643459	-0.0461257618262463	1.04986746388834	2.21211857620187	-0.00806567514856305	0.699652928188168	0.749312863720375	0.345508854542196	0.845046352215696	0.193189372175382	-1.05872913654909	2.09754529720709	0.899068836574072	-0.965991404567776	-0.67803441449933	-0.0526258291292592	1.22255718861321	0.983615021120608	0.6930340389253	1.46432814865467	0.197391898953399	-0.884605480440088	-0.383330577057861	1.24979771379973	2.36493237712793	0.779944286520205	2.78084246274613	DE
NA	S100a9	NA	NA	NA	NA	NA	NA	NA	NA	NA	NA	NULL	UP	Rhythmic	0.844803819722687	1.47998523140632	5.8315218551001	7.74935685753268e-08	2.56002907218225e-07	6.91137419120453	UP	Rhythmic	0.0151052239992651	0.00428546596824285	24	0	0.22112415881972	0.659846523002837	1.11663544753546	1.64892304710228	0.857226663292949	1.5472811592157	1.69000397471554	1.88694786540966	1.75319612283225	2.59144859417872	2.39796975716036	1.65916834226685	1.44295775004018	1.61053254300844	1.40968259520589	-0.285017581189806	0.260475625953689	0.916644139303672	0.233605104566722	1.6602545279462	0.946603222410952	1.41026851051505	0.683592798518984	1.52538447156834	1.50082576587829	1.96336114159933	1.27217674891246	2.41621458019261	1.77770440834889	1.77676169504817	2.12300653142472	0.953620179498231	1.52794602432452	1.23511621270528	1.55005803897995	0.817065132416324	-0.00497365751993772	0.972406359944715	1.60162313199784	0.896580869161939	1.82598180969322	2.10287891664426	1.76408469739057	1.91572600629798	1.48192290764702	0.0130951285694735	0.0874479684838608	2.07245690284588	1.80476683221177	1.84888277414219	2.69398967298819	DE
NA	Tjp3	NA	NA	NA	NA	NA	NA	NA	NA	NA	NA	NULL	DOWN	Rhythmic	-0.843417714621905	5.20728784612328	-12.5724948656722	7.82364157055685e-22	1.56924542818213e-20	38.9479762108969	DOWN	Rhythmic	2.43979389340691e-12	1.12368170105097e-14	24	2	0.643480536067	0.760818033855331	34.0535360817262	5.68327990981502	5.76760869881812	5.40736129731148	5.70095686272224	5.56673559231178	5.44388337053677	4.91844060689323	5.33120026511187	4.90255947549601	4.97193695402037	4.60363389271783	4.7933785856687	4.19820226906837	3.82727652676069	4.31312901762581	3.91711641395661	4.23894713787341	5.16158339239509	3.58118980224493	4.4319067798081	5.15126408122659	5.35161484742977	5.51365279394689	5.41587480588939	5.47044590557464	5.88087248230533	5.62528590665254	5.84663279385186	5.55965402377727	5.45695756584946	5.36813130556913	5.54096551995928	4.69016906948389	4.95498490678783	5.03942673855532	4.36861965735521	4.22546362483234	4.21220367558598	4.10817018675894	4.0438220641779	5.0092871212645	5.06015989174614	4.18324196367071	4.59592740202114	5.38362574921091	5.11145947514998	5.44493368865698	5.50790504830133	DE
NA	Nrg4	NA	NA	NA	NA	NA	NA	NA	NA	NA	NA	NULL	UP	Rhythmic	0.822466053667996	2.2013657394905	8.29132406780123	7.88279913852236e-13	4.80773248020131e-12	18.2750118089597	UP	Rhythmic	3.4367232026517e-12	1.74111480617933e-14	24	14	1.13936075501405	1.34949913406122	5.55353969703665	0.79531890579614	2.65801640966462	2.29679448142278	1.91183099681618	1.92852333776241	2.42127424319402	2.36120900017923	2.19433107007118	3.09102115910976	3.05705571693542	3.51852516982529	3.49162767684481	4.55751128700972	4.43933626841484	4.50496515033127	4.61003051132179	4.25456999732611	3.56272032199898	4.59676774462555	3.70621895525143	2.39993711711851	3.68194589683152	3.08121608454241	3.2814243903645	1.4737207662631	1.95620365073589	1.83324959275814	1.90762509490721	0.793387360811978	2.56976737503185	2.36019453085028	1.34433553073776	3.18871985103403	2.96174888172171	3.48297837410728	3.4152532198767	4.62509976718088	3.69966504629656	3.51068374714827	3.71672862426476	3.59810933962149	3.78460181815798	4.27395991484669	4.26809457170538	2.41560098950313	3.23864339019286	2.87763675619061	1.86869830971284	DE
NA	Igfbp1	NA	NA	NA	NA	NA	NA	NA	NA	NA	NA	NULL	DOWN	Rhythmic	-0.814105707089165	6.07404568562983	-3.17098925530089	0.0020529075225661	0.00368759086525058	-2.90198086572395	DOWN	Rhythmic	0.00343912438092786	0.000724651423960621	24	2	0.894162436048349	1.02564545654719	94.3838905484416	10.6447894002136	10.6525231833885	10.5874383834458	9.02711924976134	10.277444503801	9.31768615729791	10.6338830962244	10.2157705577772	6.18778032066465	7.76316415259876	8.18373261018441	8.05314951327377	8.4714821781808	8.27270936309652	7.92083435821737	8.21705683875262	8.66429713396963	7.25439497131108	9.88470258936826	7.6695937128175	8.84615437537262	7.60591656317124	8.58554872966419	9.13088119857199	10.8043495635017	6.91473280809001	10.4275761360584	9.83883659587581	9.90679985243503	10.0383282624819	10.0823440570322	10.0897800623313	8.83823693069039	7.90365629802376	8.28623079110073	9.44301951786114	7.3688560477496	9.06355685023858	9.46122398357883	9.32872528726264	6.98223605164736	8.58881780300375	6.32170407779638	7.53638664905459	10.1677479981988	11.2535445280538	10.6016165905177	7.8708071511992	DE
NA	Hsp90aa1	NA	NA	NA	NA	NA	NA	NA	NA	NA	NA	NULL	UP	Rhythmic	0.796239032539472	2.94655867689236	7.55402310567209	2.74834685574587e-11	1.39832410323098e-10	14.7507657572824	UP	Rhythmic	5.14266227545801e-08	1.69349615518824e-09	24	20	0.648744527859058	0.777587466785753	4.31658707655504	2.76995544457413	2.30917019767936	3.03705207013575	2.6450181002539	1.89817643045275	2.55838667782399	2.87561945121968	2.53592975834865	1.81138454093101	2.12798895798732	1.94086981780103	1.37367320968222	1.55423929095026	2.47482282114572	1.21452940179129	1.51683168410767	2.51225157271249	3.66845101938406	2.9747276758505	2.88477777941502	3.44453014484302	2.8899187673324	3.89998832908725	4.01180017096739	2.30649962259498	1.88549902937604	2.60289563106891	2.71240640208023	1.94316068537339	2.15579475701159	1.86576534994149	2.58523573690218	2.36191592208594	2.25580654773285	2.33734464466134	1.51957076982857	1.04007028368751	1.79737409242349	2.29121916975219	2.39381267732986	3.04552880322695	2.96409474182967	3.43098231382916	3.97178850762102	4.01108876387992	3.05977000338155	3.69464943165845	4.37638136336549	DE
NA	Camk2b	NA	NA	NA	NA	NA	NA	NA	NA	NA	NA	NULL	UP	Rhythmic	0.784765747305284	2.55711181601639	4.28183749105897	4.47440775505999e-05	0.00010266903924094	0.725497362206725	UP	Rhythmic	0.0168810884104562	0.00491757670448524	24	12	1.10883376069344	0.711258089133035	2.96013873013911	0.857811263706964	2.19349679039975	1.89569738250849	3.22583130529148	1.59913635911245	2.94412567929432	1.0668195767958	2.14168192209856	2.4060770748811	3.96520395118236	3.7311233023919	2.29390518679541	3.28570669349652	3.92737981025605	3.55367607543629	3.60560936747265	0.114494973873298	2.42242144610366	3.16726410190228	3.49053756691288	0.978623220680557	2.19764940756785	-0.467286389478305	3.25003352778167	2.64533860289537	1.72795806125966	1.13405539139139	2.59497989632798	2.89994685656664	2.97992906565543	2.8939674633935	1.68936785903182	1.55077570846888	3.0297444693063	3.64243519985322	3.24579899845881	3.44325908051807	3.94879068249317	1.37439230219279	3.58336591696107	1.96867334421548	1.9256362741034	2.31518088592726	2.4890174883936	2.10625832359725	3.47366558797154	3.13677404949683	2.60574488950874	DE
NA	Cmpk2	NA	NA	NA	NA	NA	NA	NA	NA	NA	NA	NULL	DOWN	Rhythmic	-0.783481224372412	1.8319022675198	-6.98541754791456	4.0517729267053e-10	1.76654858777287e-09	12.0873288702913	DOWN	Rhythmic	0.000773628573635333	0.000124885119198243	24	2	0.273849044581449	0.5820403642822	2.19913553801874	2.35696300323565	2.75725014992295	2.51089488579865	3.31474046478281	2.4518470881445	2.95479410453653	1.85467320427842	3.31132908787254	2.50403547850293	2.16728879061206	2.0645660552545	2.67944988943194	2.09515840810616	2.58772477175758	1.31818323507861	1.89418522211093	1.82401783910041	2.1763592613719	2.1397526028026	1.87389182083006	1.73506568872405	2.76400929565535	2.50393432575735	2.03468257660959	2.91558557854781	1.91525455989908	2.8742167950755	2.59514820796697	3.35138551076262	3.45304038728131	3.41954887487197	3.00484999271774	1.78464880007668	2.33258370964793	2.6933534918624	2.08123275395352	1.52306131834356	1.29594335402994	2.20078180761858	2.26319462413332	1.69320320530858	2.24047564284509	1.7688029536545	2.45353449232558	3.29198231803355	3.19613819492919	3.19351516080143	2.74040792459741	DE
NA	Osbpl5	NA	NA	NA	NA	NA	NA	NA	NA	NA	NA	NULL	UP	Rhythmic	0.775097318536778	2.20691108481249	7.0267102040556	3.33867486411438e-10	1.46372494673566e-09	12.2787145000885	UP	Rhythmic	0.000666992732312508	0.000104522407447015	24	16	0.618299971169422	0.595422918888371	1.86966704768328	1.10518933581775	0.934352438543055	2.11132565364836	1.81009016319741	1.05575629839399	1.10811600465518	1.2505744069692	0.733463189791083	0.922509282065922	1.37181162063681	0.673673578552968	1.68357134714424	2.33379459066614	2.31470006600949	1.93016450323668	2.19732304593858	1.56268051637649	2.68660049401531	1.9580545183223	2.1150673820038	1.1352573446328	2.06984680260272	0.878551941124568	1.39726902272457	1.7278814185112	1.58972698462465	1.48161703363529	1.52418510321688	1.40143779908387	0.817484528346486	1.26786783356902	1.12029797786647	1.21331090053787	1.00480468094685	1.62313926978074	1.30510602428618	3.01943601873357	2.00384672191033	2.60973174001049	3.44227524334257	2.75604782584269	0.644456862212691	2.16142271394561	2.96004667426487	1.79245729158005	1.34793185152197	2.58004802001579	1.20704867377652	DE
NA	Gpcpd1	NA	NA	NA	NA	NA	NA	NA	NA	NA	NA	NULL	DOWN	Rhythmic	-0.743498754919661	2.81100947947751	-6.6327739549237	2.08766099545398e-09	8.39802489370905e-09	10.4680983220972	DOWN	Rhythmic	1.0760475135581e-10	1.02834707686036e-12	24	12	0.948276877574508	1.26099562228827	12.6921028259437	1.6715443656867	2.40142784205028	2.20338203617934	2.23227728259258	2.86584807805141	3.28403163870682	3.62872676853291	3.57392334359178	3.63754404742879	3.99932086399029	3.59923631717746	4.14936930781598	4.45702481538183	4.14431212316802	4.38389537141768	4.02401673414557	3.40225858715437	2.43232902554653	2.98059653289078	3.84463492651276	1.86375604788838	1.81383699594042	2.30457897182772	2.68295071299489	1.95947535340631	1.64661249701171	1.89409295722464	1.43387342032122	1.09422678436494	3.17852434963591	1.98089495021178	3.04179423080506	4.2414201261905	4.40808854298248	3.7790323384561	4.81119143899111	3.60542615581193	5.22061327733897	4.69890445300508	4.34537538744421	3.21173679325756	3.43275959928129	3.92567669448934	3.75518688611483	2.14235942768374	2.30253339858736	2.29138289427258	2.40256730148518	DE
NA	Mypop	NA	NA	NA	NA	NA	NA	NA	NA	NA	NA	NULL	DOWN	Rhythmic	-0.73775307605155	1.99785525869941	-5.92412748802151	5.1503902768767e-08	1.73915783649589e-07	7.31236302160578	DOWN	Rhythmic	0.000137238422220186	1.58333792820526e-05	24	22	0.809556053162195	0.65790092580407	3.01071390357253	1.14536433846603	1.53858193050633	2.41422523382054	1.79267598196854	2.17936046310204	2.23236949773659	1.70159647133419	1.63287771571785	0.80737814749544	1.20092164096889	1.39471088905398	1.20815079035604	0.728888893980219	0.752864698040165	0.632386018218	-0.0216148306379117	2.61700879224296	2.43614852076025	2.3458067908521	1.98597131012329	2.86823919249767	1.33832467461818	2.34642216737877	2.37385277948672	0.562378673021372	2.610584209168	1.99115332390454	2.19002660948559	2.52032520957244	2.11489163482403	1.5905338418539	2.17880788052479	1.4459891986294	0.88565566665397	0.385054652952369	0.733807644602324	1.76776981251538	0.54367290269436	0.339873462434659	1.18502272502441	1.79148921873769	1.48915250076318	1.70407413715023	1.76086264030744	1.98504549651567	2.66044202297618	2.67815813996164	2.866054756287	DE
NA	Tsku	NA	NA	NA	NA	NA	NA	NA	NA	NA	NA	NULL	UP	Rhythmic	0.737082463934011	5.54990238566421	5.52713437209445	2.91052210561266e-07	8.89439988995284e-07	5.61477356422408	UP	Rhythmic	3.42705551418004e-10	4.57729924749435e-12	24	16	1.61215648491359	1.46848228036486	63.9975385990583	3.83474229219029	3.50205974381368	3.61590279770504	3.08809374946904	4.1000448263591	3.12932560995413	1.88972162569574	3.14017998201049	4.77421020164432	3.74486249522307	4.09181862664733	4.65877041007475	5.53483053625677	6.56542344369944	5.89583636333757	6.27702321373338	6.28899431357647	6.32747845248568	6.18919898301343	6.18993668973773	4.60517285271142	5.26909321404022	5.06904268850992	5.37670003844619	4.95093042000247	4.24412033339555	4.33658220190686	3.81005564931599	3.87923529722968	1.74365946953032	3.64360554453949	4.00682228729342	3.65065029970334	4.46639367014474	4.00473784567322	2.37585775641586	6.0035109059205	4.06576740540546	6.07936015767685	6.65596817962433	6.1472915234199	5.46842314931065	5.9764901095455	6.09804887279475	4.7131067157983	5.30520129897139	4.89101362176957	4.47122324383474	DE
NA	Gas7	NA	NA	NA	NA	NA	NA	NA	NA	NA	NA	NULL	DOWN	Rhythmic	-0.733132053137464	1.57887408072339	-6.51932144859726	3.51771286376074e-09	1.3718606296256e-08	9.95344851860776	DOWN	Rhythmic	1.27049596085027e-05	9.93283543370564e-07	24	4	0.568340615840901	0.66759836034053	2.22085671392327	1.84685786232088	2.60127590310282	2.17573714495864	2.40468437823409	2.2420756481158	3.66662735741428	2.5252567273338	2.63892970564197	2.0245949132053	2.22867833167288	1.19840148764734	2.44569509993524	1.8999840575306	2.01303905595238	0.700675541492702	2.79358562810031	0.568910652432699	1.00860741645182	0.336607420556566	1.05330048027174	1.60092937126441	1.20551860772083	1.82737144467821	2.15260015384431	2.51298254668847	2.14810842493658	2.39201220978336	1.77578698146527	2.42355509565963	2.59030490924016	2.88733766742175	1.48703606965456	2.26006283494346	1.75724269747131	2.60770655309006	2.63931182197645	1.89326204926545	1.42610230673847	1.55042486441445	0.45651210428201	1.53638295165077	1.88295864484175	1.53178467809891	1.38981932557708	0.914247214592406	1.40554004133104	2.24033716151496	1.72704051929682	DE
NA	Fam222a	NA	NA	NA	NA	NA	NA	NA	NA	NA	NA	NULL	DOWN	Rhythmic	-0.722147265108326	2.75982223333502	-5.95567718867402	4.47850569421988e-08	1.52532635114901e-07	7.44963293164399	DOWN	Rhythmic	6.32156015112809e-07	3.19535395088685e-08	24	0	0.925422992404247	0.90116662434668	7.59026645984149	3.37375059684439	3.65660519449583	4.09417154132762	3.77650637282431	3.04838275047701	3.17080414491327	2.9080309932435	2.82420406642342	1.52600556741842	1.40660105756978	1.18436301085426	1.72350358178607	2.56670913232913	2.15209737957432	1.11147488358478	2.30332904169283	1.98570804266696	2.62041220128517	2.06500485005441	2.62082664266176	3.54283291036057	3.15515654083596	3.33240410950822	3.78238158631082	2.42680663637884	3.46943871052364	3.22935648007687	3.53621624056532	2.30596398077338	1.83792388929693	0.980407399503699	1.393552654477	1.29044155691682	2.46234894866926	2.49263682026754	2.07050171143355	1.90657787198692	1.07007352201524	0.976432942268788	0.916811695297119	1.73742155559748	1.67469112496059	2.62288065228393	2.42963490790172	2.47827987068093	2.65169541350715	3.1538923132228	2.6655773745919	DE
NA	Myc	NA	NA	NA	NA	NA	NA	NA	NA	NA	NA	NULL	DOWN	Rhythmic	-0.717405567056969	2.92256892868195	-3.32485166933036	0.00126334832365512	0.00235252576992812	-2.44897161834212	DOWN	Rhythmic	0.0277916082474344	0.00895987370095755	24	14	0.40403444305833	0.829257477044734	7.17602734815174	3.21957950891339	2.34711426235883	2.80941710119555	2.02724960916082	4.52819508702444	3.71731630010399	2.57379468566168	3.0761934092942	2.41172709630433	1.65280182954738	2.40881117636893	3.3808080902345	5.52858264860403	5.8059759619538	5.30261762175377	6.0614288021836	2.1738164477733	4.54553743651358	4.04084475448831	2.30589074203033	4.35688586176324	4.31090007455808	2.47734344204881	2.32034142906502	1.88392624873105	2.35273464358519	2.90720379627755	2.38090806504624	3.57999100564076	3.56025907905677	2.79924740785241	4.39766031011453	3.277719343891	2.6020622435044	4.19569565940551	3.48844729300521	4.18009647104769	3.19684654904896	4.72336888089435	2.71497391393201	5.7517876780973	5.1992126103958	5.6463167791228	5.47386324537238	4.07320450827587	3.19750001414123	2.24420835208012	4.76133257753298	DE
NA	Ddhd2	NA	NA	NA	NA	NA	NA	NA	NA	NA	NA	NULL	UP	Rhythmic	0.716488325442164	4.16412896828266	8.92401194366642	3.61797884667287e-14	2.5860860661447e-13	21.3388823550041	UP	Rhythmic	9.3616064516084e-06	7.03872079781265e-07	24	14	0.515448386501917	0.5845147441861	7.10164749432433	2.71483878842688	3.40903153708454	3.08903432388238	2.9633463020719	3.29347448586223	3.62834987855	3.73032198620071	3.60653517574129	3.96091355078334	4.05185755058192	4.31763332528988	4.28246871660302	4.22371537875318	3.91602187008435	4.23551352211569	3.17744430789893	4.24401187531536	3.76777328444509	4.13798563597888	3.75774155877617	3.27914812100035	3.99934952855708	2.90549090408286	3.52089611943529	2.67674537133139	3.21522677356362	2.57367328603291	3.03244715759102	3.49818023495277	3.78664061179572	3.5175796534049	3.56123240036474	4.13575371712871	4.61268022410122	4.20367157273893	3.70331374490449	3.98651056631251	4.09044844244287	4.29968073377346	4.34508213445151	4.48287888512308	3.75930932707819	4.10165607367001	4.17388979666162	3.85714173655149	4.15456963501994	4.06302190952072	2.09220568203558	DE
NA	Eif4ebp3	NA	NA	NA	NA	NA	NA	NA	NA	NA	NA	NULL	DOWN	Rhythmic	-0.704332807446112	6.38684861014339	-6.25129560484025	1.19189289579055e-08	4.33483659964027e-08	8.75121183720955	DOWN	Rhythmic	3.42676164695967e-09	7.37828932621138e-11	24	18	0.789729985022655	0.918556952195113	97.1183245569818	7.00050129042169	6.50886972874222	7.73092307299955	7.47073470864883	7.01622433199757	6.81377719505584	6.69565726138417	7.32311810420895	7.02272045206606	7.047583794131	6.91085441615557	7.15394946373185	7.68485880994487	7.76519970982429	7.50229229168393	7.97015779108833	8.61250693083745	8.79860849725712	7.8908787080556	8.90267718227121	8.39976217090125	7.80690250128953	7.9322817670705	9.76788040321455	7.28695999418381	6.56733986713799	6.98879609837213	7.15264327033219	6.28716153916244	6.2751059411121	5.76377520413344	6.03795034746172	7.04398697139378	6.3701600804231	6.48019086755501	7.20999263774434	7.52702511548709	7.91023897977044	7.90761481531458	7.35256581039278	7.4860263997458	7.72286185758129	8.53828757335439	8.63930907708061	7.52316025148377	8.91019427658824	6.8913623545213	7.74429797961213	DE
NA	Slc19a1	NA	NA	NA	NA	NA	NA	NA	NA	NA	NA	NULL	UP	Rhythmic	0.695218456872407	3.30230309433534	8.13271692407013	1.6998962715578e-12	9.97540480978344e-12	17.5117210319691	UP	Rhythmic	1.52407071469209e-05	1.24593000279952e-06	24	14	0.619852461200634	0.628711842400855	4.40978153472337	3.57477940380471	3.74436111783008	3.22826693939789	3.6340217662861	3.83897039260761	3.15512850915338	3.91197739528978	3.07490553494566	3.56634180475577	4.05514238378127	4.13242523371719	4.35687092812607	4.51642930114753	4.48637190065641	4.5832361862039	4.58248692549676	4.38850889143303	4.55879863069495	4.31995059808225	4.45138316110499	3.3189924838849	4.31170689053555	2.45457906309902	3.5136061006916	3.04030550030366	3.68849856261408	3.71053600463202	3.86086304320515	2.48172777297697	3.23505285919643	3.94128591119073	4.11640716739316	4.57854202815782	3.55402387834827	3.57945854158621	3.4063603915692	4.92623732771783	4.54093963534	4.54516042271081	4.2415645669599	4.15436468848924	4.03334706050682	3.67563252662197	4.43439644396172	3.03035137756051	3.61955289802052	3.3791815788989	3.20564777360167	DE
NA	Cish	NA	NA	NA	NA	NA	NA	NA	NA	NA	NA	NULL	DOWN	Rhythmic	-0.687465601832271	5.39997168275556	-3.0030566052396	0.00342615094665112	0.00594646702071643	-3.37656261052111	DOWN	Rhythmic	0.00612376899584329	0.00145108999348825	24	12	0.539712468030077	0.948269500393705	46.6746123024158	4.24384998246799	2.70165017559731	1.77348233713757	2.6970563947418	5.27402543216791	5.9310653343123	4.77458044900643	3.66461289964747	6.10119818678542	5.68463192357834	4.45645711660916	5.02214007477903	5.17567992230965	5.41074470337083	5.38079213841463	6.18734804934941	2.62099765214017	5.00884024128484	4.86280995535868	2.51463866939987	5.42862333533579	4.93039341329561	2.22837444332527	2.25339631937803	3.36588262922502	2.62147305359896	1.27172154009159	3.6095822757651	4.43289265298597	5.42160699285487	2.42196068537487	4.80498324926469	4.67673657948818	1.86306176981599	5.89808050122506	5.52996422036351	5.29116455369738	4.66930103605582	5.83868899878727	4.59042881773707	5.94272941431567	5.24175602612097	5.24883377939503	4.63055817944102	5.21745159377769	1.53400341962771	2.0732671436739	5.17663555348736	DE
NA	Fam149a	NA	NA	NA	NA	NA	NA	NA	NA	NA	NA	NULL	UP	Rhythmic	0.679233645101443	2.30700548448915	6.99102410640359	3.94673825257011e-10	1.72334950847518e-09	12.1132938425691	UP	Rhythmic	0.000457495419965878	6.64250690359207e-05	24	0	0.431566388210075	0.587519153162713	1.93921174924235	1.24326473762459	1.32741545570009	0.700608883360491	0.934746172986731	1.03913229945182	0.57583112120202	1.46870943205572	1.19207580518946	-0.661421748800646	0.796152009556253	0.578705719961411	0.42880526018076	0.512560956923193	-0.177878413844247	-0.0415556552668093	-0.0747202980392485	0.836486497414187	0.914385318179781	1.30461708105583	-0.0666709547427715	0.396263583235512	1.47258455490649	1.32874086732638	0.462675255253409	1.48521323139138	0.784318334755702	1.00755481014276	1.1962265250539	0.206371113242136	0.444797551266851	1.17283002175792	0.0826536528618504	-0.186495778318913	0.116752110459773	-0.0893390329896228	0.866610327526954	0.4994011010185	0.809029964180358	-1.15189014739708	0.135815570088174	0.451074596099475	0.849808450198056	-0.173067520495587	0.720033645347361	0.216918982416001	0.995575421577183	1.10566105540141	1.69678997154557	DE
NA	Rfxank	NA	NA	NA	NA	NA	NA	NA	NA	NA	NA	NULL	DOWN	Rhythmic	-0.662564062970158	2.84192706179724	-7.53991801758271	2.9397948954873e-11	1.48675665851993e-10	14.684030870683	DOWN	Rhythmic	1.96256552349057e-07	8.22537536615506e-09	24	0	0.855399051037099	0.695070807256202	5.58232302200113	4.04889675835171	3.47095710299684	3.25224340196258	3.16426539862208	2.48175350085294	3.12927418707319	3.39604182164804	2.94681053629315	2.56831915544198	2.86732511451452	1.82739597517301	1.58517639627728	2.0169287711551	1.6117103105755	1.88231214960346	1.95454845940434	1.85001853430157	2.75792915076927	2.16790374620124	1.73047103920853	3.45805142733339	2.5228022734322	2.58777088835992	2.78096037128194	3.3395212084393	3.08689251531026	2.50610191293666	3.73197560578883	2.64105260988726	3.42829218375183	2.78290173282389	2.74167041950715	1.98680434592813	1.91445569938517	2.15750923566016	1.76954311064261	1.84392782841695	2.14980507463576	2.2505216280113	2.29839353007199	1.98251510230476	2.44417679342476	2.02166405852093	2.38965105351998	2.76302385976539	2.25664457324395	3.40489549276286	3.42273571935834	DE
NA	Tcp11l2	NA	NA	NA	NA	NA	NA	NA	NA	NA	NA	NULL	UP	Rhythmic	0.659237539774348	4.12830833760294	6.81531803243115	8.96333725557486e-10	3.77313051716033e-09	11.3027626887897	UP	Rhythmic	3.12016908104592e-08	9.30482201486348e-10	24	6	0.532218649252588	0.679315126663881	8.55795265415055	4.24683370121847	4.07356250416665	3.9547052708084	3.47656469418827	4.55360785127774	4.61679604528245	4.70403088184665	4.66938828886284	3.93094437141619	3.6239452561	4.18197344258661	4.30091560192159	3.72492601111366	3.29926166982601	3.37743031569512	3.41200072704519	3.13227396338495	2.57097634212728	3.61604547247331	3.71624518035988	2.67500091843295	3.45735626792925	3.5094591719357	3.28825793471297	4.02013202226334	3.72638205391213	3.98456926246588	3.19861815619691	4.71163874393743	5.30467225102938	4.63619408663705	4.52324224051234	4.12701484120337	4.59776460086768	3.75969599113488	4.74948890568139	3.67414776443172	4.27741531676117	3.26836710101999	3.19254815462599	3.40024471619989	3.10057347198404	2.89505303572304	2.89348273437792	3.96728949543541	4.49647580043763	3.77137704497311	3.17368340285575	DE
NA	Cxadr	NA	NA	NA	NA	NA	NA	NA	NA	NA	NA	NULL	UP	Rhythmic	0.653166052701489	5.26187200426205	9.61488633487679	1.23291188029796e-15	1.0406063829337e-14	24.7037962385328	UP	Rhythmic	1.52407071469209e-05	1.24593000279952e-06	24	0	0.534973305190785	0.590709015682267	15.0971210045827	4.94471518601129	4.94021749906733	4.86549900357521	5.24117246391833	5.10167033441157	4.86609675049568	5.26466478533213	5.41184080935535	4.7631850092471	3.66619064760554	4.16690614350307	4.3588236015601	4.00302115660479	4.07240702394439	4.21586549740615	4.64736614461602	4.75930246336074	4.93823154409331	5.2215521823296	4.50809828162376	5.49250429536167	5.5438402746441	5.58622690902705	5.46836241071823	4.8292720575396	4.78930934503732	5.31346901169737	5.35952551493297	5.0869750291495	5.161351153488	5.40201094920377	5.22025905857159	4.76806951747497	4.58161377762922	4.6804271080758	4.81355847324475	3.7774938229959	4.3888142768684	4.17936404621085	3.84428852061372	4.99744667668565	5.14709894606812	5.17799579126241	5.28601856806004	5.09848785567726	5.21211695168514	5.59611141591305	5.26705288192845	DE
NA	Lipg	NA	NA	NA	NA	NA	NA	NA	NA	NA	NA	NULL	DOWN	Rhythmic	-0.647439568246872	3.10354289375263	-5.97517499759919	4.10725017387442e-08	1.40549518361306e-07	7.53463013698882	DOWN	Rhythmic	7.62875467041247e-06	5.57773081832115e-07	24	12	0.832691120381419	0.859731948721665	8.97733592094603	1.44762306695817	2.39263374822851	2.00038772141017	1.85470720147851	2.27855815279648	1.55627471083901	1.73100841075138	2.44451123954439	2.6717165786422	3.3637981039361	3.48269714521314	3.77164759888952	3.31057246163424	3.03231027718956	3.64493164466452	3.56509414110822	2.97930039204133	2.48317441169165	2.44534409934033	3.59054139315873	1.4760330748294	2.51169706255294	2.48754870092034	2.1174469158217	2.04435762682132	3.08743805849451	2.76998349858942	2.42914249950901	1.1639726598851	1.21941521954178	3.1039996410862	2.6373238101393	3.5332526479972	3.59955565241943	4.20644394208278	2.94891732446453	3.06643093067533	2.78084184399639	3.68004851755122	4.68370436544281	2.83469195142544	2.82620157299426	3.14874764728693	3.08580357147688	1.89556636153148	1.73543068167131	2.71364588115219	1.30242531558075	DE
NA	Mt1	NA	NA	NA	NA	NA	NA	NA	NA	NA	NA	NULL	UP	Rhythmic	0.639659907337829	7.51124106135715	2.32320483963179	0.0223289495184509	0.03376753030955	-5.0724814478789	UP	Rhythmic	0.000224682154699579	2.84830227201193e-05	24	12	1.13734581209805	1.05674609103498	147.000822548329	8.44115567614549	10.7681447070836	8.51488084796468	8.84898807881018	8.45989716246149	11.1078331584312	8.01431221344508	9.21962702723895	9.25798336817317	11.6405137547168	10.0496055487228	11.1908972728406	11.4460250831913	10.6675864949711	10.6115058274628	9.71587433228778	10.0281342146037	9.10330465604524	9.16805410855019	12.2395142040106	8.27769687466223	7.9615033508221	8.42512181395613	7.816204139771	8.84882404889963	8.36285404458886	8.90791223638789	7.82633183887759	8.52384860417001	8.0789051344538	8.32674423677414	7.74625897174502	10.2815795594137	10.7504873619877	11.2572750996853	10.7890996572844	10.4620965518142	11.3800149485966	10.8460614793515	11.1501261544192	9.7226850105337	9.47042372744943	9.07714915674219	9.44777824954273	9.80185044456493	10.7670045775598	8.89093298839062	8.10654134179254	DE
NA	Chordc1	NA	NA	NA	NA	NA	NA	NA	NA	NA	NA	NULL	UP	Rhythmic	0.630903982318691	3.11171910578699	6.97281048860326	4.298187312028e-10	1.87022829684184e-09	12.0289672304799	UP	Rhythmic	2.45910880368857e-06	1.48367646877698e-07	24	18	0.531653564705139	0.676571782237757	4.10028848007436	2.49119829451739	2.2004177843953	1.91400446829716	2.52629241160338	1.56553813906168	1.79037210252741	1.72972334911138	2.21930937604318	1.41154415714136	2.10907409179846	2.94005838761815	1.79187772458628	3.02250975688165	1.96849084711036	2.33442996157822	2.4814195200983	2.73483186940579	2.86094577348847	3.42665288619211	2.85432274087439	2.88364063791912	2.89134031370452	2.4858471941625	3.05905418908477	0.530154162456203	1.90033311741713	2.68666748161535	2.53562765408418	2.30081071438497	1.64713283387172	2.1762039584774	1.90469508260389	2.25587030895366	2.00339261343752	2.39647216950022	1.50288669350427	2.04724112226803	2.26940666831552	2.06587945468419	1.9846884796545	2.91068200904628	3.46273303915696	4.22395940197745	3.66962102300266	3.04752953478801	3.04898252534919	2.82594383143593	3.6342660459657	DE
NA	Slc7a2	NA	NA	NA	NA	NA	NA	NA	NA	NA	NA	NULL	DOWN	Rhythmic	-0.619283364524391	7.58073471722972	-7.10079255528428	2.35725391970891e-10	1.05258356260524e-09	12.6229407713705	DOWN	Rhythmic	3.53311420256648e-08	1.08210521345157e-09	24	10	0.577354398438827	0.878892728558998	206.556955181749	8.5480624602754	9.13061191897981	9.60114430506085	9.13345575558727	9.39394201414708	9.61815205060583	9.61144733933943	9.63997441494582	9.74988063428884	9.61044780889348	10.1466997322433	10.0449090241895	10.6041753672	10.0806657625728	9.95447672324989	9.98318551033278	9.65472303422078	8.47802246385882	9.29078059543274	9.00596651997327	9.25256272881087	8.72764781401939	8.74743239446425	8.70922939497644	8.97163616129076	8.60026547951304	8.34829721607531	8.54611646468584	8.85208959804063	9.14120840683479	9.25271350003587	9.26036800305167	9.89173553081031	9.92329762822226	9.79989137563976	10.7561944207443	10.5072710889958	10.8447480455077	9.77273010388261	9.653137395531	8.44136703741787	8.31458707134681	8.75733422839211	8.60539398958337	8.22360095329582	8.70383819268587	8.29698158644172	8.46972467550266	DE
NA	Mcm10	NA	NA	NA	NA	NA	NA	NA	NA	NA	NA	NULL	DOWN	Rhythmic	-0.607676622269987	6.4950209960862	-8.16052026598458	1.48587771528898e-12	8.77880813420736e-12	17.645349682891	DOWN	Rhythmic	2.66931295641097e-09	5.28637683940918e-11	24	12	0.519727049251626	0.7064280224751	72.4014806792828	5.60840703368267	4.99060074598056	5.61361873910271	5.07434793196009	5.76261522161928	5.79649348092659	5.87137549622596	5.61840473918722	6.3692872093868	6.3507725259243	6.76735642270267	6.47730467182568	6.59128182303012	6.13406230960924	6.618010552343	6.46172704900856	5.70010461620392	5.49255645757986	6.16005143472043	5.44963093932288	5.80951607507642	5.38096920272975	5.13440537010783	5.56893088760411	5.69813169804445	5.32256278216806	5.24768794164768	5.15711438594902	5.75673591251872	5.50818836091159	5.90275628894702	5.99746928196539	6.77695860414227	6.26253626603931	6.70639807813097	6.90978281042794	6.63008854545036	6.71656378817456	6.34033720575182	6.44514557614263	5.86469532769224	5.88848451648542	6.17123758517784	5.80413936445318	5.24965557109424	5.72509230123986	5.00683852089317	5.78931664750039	DE
NA	Arntl	NA	NA	NA	NA	NA	NA	NA	NA	NA	NA	NULL	DOWN	Rhythmic	-0.601559388316396	2.93475757300573	-6.21940076650267	1.37648445123731e-08	4.97907849187673e-08	8.60949738305217	DOWN	Rhythmic	8.89595939106998e-19	2.04858017065515e-22	24	0	1.37375083511911	2.0048559139562	27.9926940280041	4.06636712051543	4.33448848560665	4.58172247897995	4.72420075895558	3.71109896298311	3.56032298887629	3.91937464141746	3.87920788661147	1.60968813276388	1.77094465544229	1.14193407423751	0.98088394026558	0.0834542567603941	0.798158845519702	-0.166634192026917	0.91603561120158	2.37345932780721	2.84733831990185	2.37101176297038	2.31716800635536	4.1431754282801	3.97000601410384	4.20726294284485	3.88787100367692	4.04297760855892	4.20969565602126	4.40300124373672	4.3417687091958	3.68600207631772	3.87477736291981	3.23841318344098	3.92483683025899	1.17155476045167	0.0732398994449295	0.546804367772871	1.6934313789443	0.679739345756226	1.08928250157532	0.580310003385145	0.756329808625484	2.42467199062991	2.77023238895644	2.55083414750772	2.86647204009816	3.51896332903661	4.21459534302334	4.00145590360464	3.81917169309235	DE
NA	Pnldc1	NA	NA	NA	NA	NA	NA	NA	NA	NA	NA	NULL	UP	Rhythmic	0.595661245757401	2.25247824172462	4.71375698461667	8.43146277207667e-06	2.14742680866527e-05	2.3363060631606	UP	Rhythmic	2.73834087349305e-05	2.42462191331739e-06	24	10	0.431094533477314	0.785685394522781	2.92873438060371	0.66350405984278	1.63879312424384	1.47918373896963	1.68841129718044	2.06732466022084	1.63299623159394	1.29839404573524	2.40255479474635	1.82292222238063	2.70502490361058	3.16144624583717	3.1021050050282	2.71275745961153	1.24581227978548	1.44905300332045	2.50764879404569	1.61543729619311	1.50661357367413	1.01285053843353	2.22009549778978	1.21326248647211	2.13264434237213	1.16476337789691	0.759201459555615	1.68238424019879	1.45049719234126	1.24969739496075	1.56612935175653	1.98426249785763	1.89495908696185	2.70194314903266	2.34990164522418	3.09586993707609	2.88665217044862	3.66296397223602	1.5683510801702	2.53430256933372	1.29500368633707	2.70642160306691	3.01907020247528	1.68329126051143	1.70306864018866	0.896910797354607	1.86790623266864	0.799244309124829	1.30107311570006	2.05218364612599	0.519709728366539	DE
NA	Nmrk1	NA	NA	NA	NA	NA	NA	NA	NA	NA	NA	NULL	UP	Rhythmic	0.593070674375301	4.32020120619715	10.0474814111794	1.48664963409445e-16	1.43313597637876e-15	26.8124322702963	UP	Rhythmic	3.93965175642002e-10	5.48874913675098e-12	24	16	0.591960970061452	0.826420702949568	12.6287043690919	3.59990460778241	3.34774557652441	2.64784204620587	3.26324138185853	2.45773321790153	2.70148502565759	2.9567000584607	2.94527260438867	3.03810195664255	3.18916129899568	3.47655069782408	3.96536753513604	4.23820444356159	4.02632053125212	4.38609409511271	4.481329759281	3.85978792981756	4.34866213165418	4.20785802502181	3.76594628200979	3.48546656068745	3.71106349879836	3.90490218946145	3.56818838672999	2.63632545621981	2.56865633889883	2.67797039448899	3.1379355353972	2.72237810582494	2.68100925253061	2.09578879732831	2.74040879085347	3.36966900463939	3.54279369439254	3.1259737251911	3.58698382569506	3.90381060650877	4.7192779791431	4.40684511210223	4.42917808483865	4.60367036827355	4.41673571072736	4.24576618114845	3.8051541096542	3.97044325048064	3.71304240127375	3.36528798820073	3.97169478962342	DE
NA	Pnrc1	NA	NA	NA	NA	NA	NA	NA	NA	NA	NA	NULL	DOWN	Rhythmic	-0.592227044678254	7.11428016614623	-9.0278762905531	2.17800567929711e-14	1.58957809451222e-13	21.8439551536469	DOWN	Rhythmic	2.90171846915257e-14	7.68445881295442e-17	24	0	1.09932442542896	0.929412935182546	153.820474894957	8.62513372428906	8.73671262757261	8.47962526404134	8.56114675166982	7.77386585135507	7.48744141423578	8.32843111664403	8.17315297332655	6.55066780396577	6.62936113001085	6.39385624472035	6.94537187689957	6.90232522170827	6.34825103920216	6.55371594427078	6.53801704358534	7.29851116889567	7.09672130906149	6.89778991377705	7.58776250927407	8.1012475476741	7.42818711870407	8.20197871496006	8.26832932986943	8.42514667276408	8.32612539705276	8.49098152834795	8.25716026655433	7.94635501731671	8.01422552977371	8.13294244143376	7.45450028641236	7.07032777867108	7.12695492610654	6.5752317760566	7.05198881771441	6.85845387089232	7.1009016141312	6.90503175270606	7.04028457515358	7.04235358216173	7.31873505329831	7.03817016940884	7.20469083995406	8.23442510241045	8.55358964497855	8.44744556263315	8.098798898736	DE
NA	Ppl	NA	NA	NA	NA	NA	NA	NA	NA	NA	NA	NULL	UP	Rhythmic	0.589609592515232	3.17848880508836	5.7822707019369	9.61950488927788e-08	3.13373593260984e-07	6.6993123234218	UP	Rhythmic	9.3616064516084e-06	7.03872079781265e-07	24	18	0.546229685230896	0.607833026951288	3.74310915755551	3.2410862846478	2.91248023090554	3.21956043173074	2.63652203178021	2.17067994289892	3.1752822214322	2.46873186429129	3.15617157668268	1.78378731185647	3.12628645927701	2.84024072085778	3.85453340607208	3.85800941783416	3.81501754230165	3.8789199373434	3.15771351624131	3.89099043969097	3.81385718033621	4.46758507009027	4.33177939497955	3.93395021580856	4.30306993851786	4.15091229708607	3.88103787204651	2.81239663441431	3.45594259146881	2.99120973141873	4.01065172286874	2.49906442907656	2.69175333524309	3.4137248275951	2.94755337392399	3.05846791907626	2.59593231247362	2.61670279879298	3.50225948455044	3.72274961447879	3.60987987406315	3.76081679101423	3.28223681237956	3.80355971362215	3.52249304816545	4.11603721117176	3.93384207499389	3.70877314937654	2.29156990549309	3.52249415773095	3.58706535275768	DE
NA	Hspa8	NA	NA	NA	NA	NA	NA	NA	NA	NA	NA	NULL	UP	Rhythmic	0.588760937888028	9.53924603234287	11.5621696832139	9.580836426418e-20	1.41033159938034e-18	34.1448178587276	UP	Rhythmic	1.1954029573974e-11	7.70783714614331e-14	24	18	0.576779052901188	0.722430701574332	395.749733040317	8.7273591094193	8.29293996133772	8.53166254606819	8.67255510236566	8.48795313417968	8.50195597280505	8.75879148114473	8.7112961993773	8.63731440374366	8.84770886513913	8.9513002595718	8.86538797098147	9.1196833412886	9.05752446855284	9.26701415645274	9.20781901070751	10.2827809548113	10.3188969119081	9.95877718451344	10.1199214038554	9.642720469711	9.45300316284923	9.45487853320319	9.57801280446454	8.88839277995788	8.86146027270363	8.78271066743373	8.92179977773011	8.49162154688131	8.54614510596508	8.42054246256408	8.57298477130931	8.69556812408605	8.51988106856875	8.67868341750287	8.72658133243262	9.05466423647256	9.5136270331118	9.55346688264869	9.38487977161288	10.1577173691363	10.0504171610986	10.0657007456111	10.2114314837793	9.23746782153084	9.18695507878207	8.66719294914321	9.56579976795055	DE
NA	Wee1	NA	NA	NA	NA	NA	NA	NA	NA	NA	NA	NULL	UP	Rhythmic	0.587299555725259	2.6529233489787	6.06819543492357	2.71384696688513e-08	9.43923144068775e-08	7.94182839645902	UP	Rhythmic	4.85050064476451e-13	1.45207848893353e-15	24	14	1.42507757116477	1.42644820149888	8.55908671251934	0.664990506838085	1.51803714237193	0.569033041166976	1.6061549164633	-0.53578831709587	1.0931976106739	0.622997256023833	1.13797493529735	2.84113711168725	2.11064589797091	3.07469826012243	3.49225371603288	3.72871640583428	3.84078559032241	3.70641194729384	3.71703885155705	3.54146786580505	3.62151894503823	3.52566646807805	3.28046574639865	2.88506467788841	2.3710017119438	1.84236313749062	2.39770699266522	0.672871750870739	1.7159924975881	1.42635901635927	1.31768286498762	1.5421591547723	1.01515204589527	2.0817438721595	2.57108787353943	2.72132700576128	2.80749510135481	3.06675910619727	2.01038273969161	3.821399305997	3.58728312760592	4.04644343977177	4.186248776378	3.29107722084163	3.41443385159982	3.79160004008189	3.74518643567867	2.8846174435372	2.22598210538519	2.75335325816264	2.83370480166658	DE
NA	Grk5	NA	NA	NA	NA	NA	NA	NA	NA	NA	NA	NULL	DOWN	Rhythmic	-0.58511861562939	1.46353215541682	-6.43085132973204	5.27294092304996e-09	2.01033766096088e-08	9.55443794466601	DOWN	Rhythmic	3.4367232026517e-12	1.74111480617933e-14	24	2	1.26902919437338	1.14299550187119	3.94349059806623	2.8349112326878	2.78818777485609	3.7566775755143	3.03238311295409	2.83866342088721	2.72938658279699	2.55902002076709	2.40724759262436	1.86337376116486	0.275848621322454	1.23178440493043	1.7003329799855	0.970269060628422	0.703358897957671	0.810866199873461	1.42570232187255	0.911750078906273	1.1649315123471	0.82235396452524	0.934708285066752	2.95189646008729	2.40345581641884	2.52574989665385	1.79617091899608	2.80178646866522	2.29847202606342	2.79102137972229	2.77742279845601	2.60482491988724	2.5464221490597	2.09996248376098	2.41314697093306	1.44888320286977	1.15201276474084	1.526352279052	1.12920556485542	0.63552529925292	0.346053706321329	1.0956388237519	0.708018830078653	1.10908481030795	1.74302642978366	0.824690922993195	1.18399219157911	1.46012153030649	1.83243072976749	1.39011874496939	1.84384326721891	DE
NA	Tsc22d3	NA	NA	NA	NA	NA	NA	NA	NA	NA	NA	NULL	DOWN	Rhythmic	-0.583807526651556	6.07064063664879	-7.24837516812041	1.17496985626218e-10	5.49521443276091e-10	13.3118504985925	DOWN	Rhythmic	7.62875467041247e-06	5.57773081832115e-07	24	18	0.514416723279078	0.615336746577101	44.8051097266435	5.2461478719914	5.41246125270736	5.90313594789484	5.93400488832479	4.61524173220988	4.87112287014461	4.7360462000434	4.70473541959499	5.4083192923326	5.79585859043145	5.8273483369587	5.77178187363158	5.7388448417922	5.80457163348422	5.8085628293893	5.93766192511547	6.69974535524498	6.38586550538907	6.11214487387942	6.77893476739998	5.88682361715841	6.13995635948016	6.45893868027685	6.54051196045665	5.93867163061345	5.93950927359576	6.26016658639961	5.99898520900996	4.92573613977478	4.5835535821601	5.50410724811179	5.40274923263555	5.01109596632423	4.76788574641202	5.66315284836009	5.52576281970576	6.15774755407315	5.88653628289147	6.43327963800028	6.85834712340924	5.39669866568889	5.7156432748077	6.42110645386342	6.2395938631101	5.69148639738141	6.2287178569806	6.94746889773727	5.97918178984023	DE
