"TAIR"	"SYMBOL"	"GENENAME"	"ENTREZID"	"diffExpressed_fac"	"Rhythmicity_fac"	"logFC"	"AveExpr"	"t"	"P.Value"	"adj.P.Val"	"B"	"diffExpressed"	"Rhythmicity_lmrAMP"	"BH.Q"	"ADJ.P"	"PER"	"LAG"	"AMP"	"amp_lmr"	"amp_lmr_abs"	"ZT1_wt_1"	"ZT1_wt_2"	"ZT1_wt_3"	"ZT1_wt_4"	"ZT3_wt_1"	"ZT3_wt_2"	"ZT3_wt_3"	"ZT3_wt_4"	"ZT5_wt_1"	"ZT5_wt_2"	"ZT5_wt_3"	"ZT5_wt_4"	"ZT7_wt_1"	"ZT7_wt_2"	"ZT7_wt_3"	"ZT7_wt_4"	"ZT9_wt_1"	"ZT9_wt_2"	"ZT9_wt_3"	"ZT9_wt_4"	"ZT11_wt_1"	"ZT11_wt_2"	"ZT11_wt_3"	"ZT11_wt_4"	"ZT13_wt_1"	"ZT13_wt_2"	"ZT13_wt_3"	"ZT13_wt_4"	"ZT15_wt_1"	"ZT15_wt_2"	"ZT15_wt_3"	"ZT15_wt_4"	"ZT17_wt_1"	"ZT17_wt_2"	"ZT17_wt_4"	"ZT19_wt_1"	"ZT19_wt_2"	"ZT19_wt_3"	"ZT19_wt_4"	"ZT21_wt_1"	"ZT21_wt_2"	"ZT21_wt_3"	"ZT21_wt_4"	"ZT23_wt_1"	"ZT23_wt_2"	"ZT23_wt_3"	"ZT23_wt_4"
"AT2G27402"	NA	NA	"2745565"	"DOWN"	"Rhythmic"	"-5.917059"	" 0.55611477"	"-46.781632"	"2.332610e-66"	"1.370175e-62"	"136.03636267"	"DOWN"	"Rhythmic"	"6.683877e-10"	"4.005319e-11"	"24"	"21.0"	"0.9238318"	"1.3412715"	"1.545127e+01"	" 3.92564807"	" 3.10435326"	" 3.53347206"	" 3.40605441"	" 4.20400492"	" 3.53394092"	" 3.70859919"	" 3.97416811"	" 3.12129340"	" 2.86675858"	" 2.6191526"	" 2.34194148"	" 2.82235507"	" 2.49852778"	" 2.767834030"	" 2.08795079"	" 1.61168396"	" 2.13302731"	" 0.8651475"	"-0.105476293"	" 1.0421749"	" 1.0259157"	" 2.88056196"	" 1.08451569"	" 3.61517239"	" 2.240474231"	" 1.70706085"	" 3.28143434"	" 3.27839587"	" 2.78264382"	" 2.44393776"	" 3.58516414"	" 2.37457377"	" 3.82793685"	" 3.294228221"	" 3.58888573"	" 3.54336330"	" 3.54406595"	" 3.11115267"	" 4.438674414"	" 4.00732104"	" 4.0939713"	" 3.99008378"	" 4.14432939"	" 4.20080934"	" 3.92188529"	" 4.656746419"
"AT2G25450"	"GSL-OH"	"encodes a protein whose sequence is similar to ACC oxidase"	"817083"	"DOWN"	"Rhythmic"	"-4.234795"	" 4.54389982"	"-29.363111"	"8.715326e-49"	"1.919768e-45"	" 99.36244643"	"DOWN"	"Rhythmic"	"1.607619e-07"	"1.831857e-08"	"24"	" 6.0"	"1.4810518"	"1.4871465"	"1.771213e+02"	" 5.47653162"	" 5.05315956"	" 6.33009295"	" 4.93051742"	" 7.06236576"	" 6.85783128"	" 7.09560624"	" 7.04446957"	" 7.38410544"	" 7.66557568"	" 7.8676165"	" 7.86179889"	" 7.02702851"	" 7.28853916"	" 7.844249900"	" 7.51041765"	" 7.78710900"	" 7.32177645"	" 7.8893228"	" 8.242536085"	" 6.5007529"	" 6.9831415"	" 7.10248538"	" 6.98855465"	" 7.27112156"	" 7.100241803"	" 6.60849748"	" 6.73571313"	" 4.65133082"	" 4.31089483"	" 4.81226628"	" 3.97590955"	" 4.88520645"	" 4.85151311"	" 4.658285688"	" 5.32339589"	" 5.73100030"	" 5.19060947"	" 5.91228130"	" 5.415894045"	" 5.19093786"	" 5.1449886"	" 5.17148687"	" 5.72504013"	" 5.33651928"	" 4.29762276"	" 4.897630670"
"AT5G24780"	"ATVSP1"	"encodes an acid phosphatase similar to soybean vegetative storage proteins. Gene expression is induced by wounding and jasmonic acid."	"832547"	"UP"	"Rhythmic"	" 4.135635"	" 6.56298859"	" 14.779445"	"3.978026e-26"	"2.417268e-23"	" 48.92855328"	"UP"	"Rhythmic"	"3.049736e-07"	"3.726071e-08"	"24"	"10.0"	"2.3911299"	"2.7466774"	"1.624487e+02"	" 5.35799808"	" 1.36501011"	" 5.68376085"	" 2.43704096"	" 4.25570845"	" 3.68096570"	" 3.61991059"	" 6.47473756"	" 6.51520293"	" 8.94426568"	" 6.4055849"	" 8.55062559"	" 5.35404912"	" 7.70883631"	" 9.731402795"	" 6.35871630"	" 8.56774675"	" 7.20098700"	" 8.5199138"	" 8.766575467"	" 7.7669404"	" 7.5026581"	" 9.11369961"	" 8.37273599"	" 8.76877915"	" 6.549733879"	" 8.42648983"	" 5.88900153"	" 6.52618820"	" 7.11687178"	" 6.90290853"	" 5.23296160"	" 4.04334049"	" 7.01139371"	" 5.497788685"	" 6.38727574"	" 4.38537202"	" 5.93772683"	" 3.82402713"	" 5.050719971"	" 4.05224548"	" 3.6906665"	" 5.60037601"	" 3.81416705"	" 1.42442945"	" 3.68914876"	" 5.646461542"
"AT5G24770"	"ATVSP2"	"Has acid phosphatase activity dependent on the presence of divalent cations (Mg2+, Co2+, Zn2+, Mn2+) and anti-insect activity. Insects fed with the protein show a retarded development. Induced in response to abscisic acid, jasmonic acid, salt, water deficiency and wounding."	"832546"	"UP"	"Rhythmic"	" 3.346174"	" 7.49623748"	" 12.197091"	"5.439661e-21"	"2.229249e-18"	" 37.28135804"	"UP"	"Rhythmic"	"2.085738e-07"	"2.439398e-08"	"24"	" 9.0"	"1.8530129"	"2.6291206"	"3.826030e+02"	" 7.02385094"	" 4.41031213"	" 7.11868262"	" 4.43190677"	" 8.33964445"	" 6.89346271"	" 6.76457533"	" 8.11258696"	" 8.74300280"	"11.48604472"	" 9.0637581"	"11.19950038"	" 7.18977334"	" 9.59278806"	"11.549988087"	" 8.92188430"	"10.52999560"	" 9.20799413"	"10.6502140"	"10.638254585"	" 9.8567162"	" 9.3575556"	"10.47687466"	"10.25073685"	"10.22777304"	" 8.195512265"	" 9.74113673"	" 7.37792307"	" 8.23786667"	" 9.38513132"	" 8.93300345"	" 6.74676103"	" 5.74708213"	" 8.09932009"	" 7.380411718"	" 8.07695588"	" 5.96368484"	" 7.48084321"	" 4.84886819"	" 6.961266180"	" 5.94311549"	" 5.9791145"	" 7.64233914"	" 6.06287588"	" 4.47050951"	" 5.74752466"	" 7.476714461"
"AT4G15210"	"AT-BETA-AMY"	"cytosolic beta-amylase expressed in rosette leaves and inducible by sugar. RAM1 mutants have reduced beta amylase in leaves and stems."	"827185"	"UP"	"Rhythmic"	" 3.074666"	" 0.35168498"	"  9.318755"	"5.720969e-15"	"1.180401e-12"	" 23.60016076"	"UP"	"Rhythmic"	"2.317584e-04"	"5.798564e-05"	"24"	" 8.0"	"1.5011949"	"1.1664551"	"5.528072e-01"	"-0.51273322"	"-1.56611387"	"-2.03320170"	"-1.79420241"	" 0.46928509"	" 0.83237687"	"-1.63409232"	"-0.45124136"	"-0.99101242"	" 2.39060004"	" 1.8920681"	" 2.20989618"	"-1.67355278"	" 0.14524848"	" 1.650933917"	" 0.46127163"	" 0.05155605"	" 1.01814093"	" 0.8549479"	" 0.766686592"	"-0.1540128"	"-1.0096612"	" 0.28422820"	" 1.58913733"	" 1.46805668"	"-0.001900472"	" 0.95428420"	"-0.22984828"	"-1.76732782"	"-2.11699311"	"-1.15441427"	"-0.66037854"	"-1.23646588"	"-0.64774750"	" 0.040626670"	" 0.20902587"	"-1.59921781"	"-0.91945724"	"-2.04787502"	"-1.862051239"	"-1.73567271"	"-1.7520114"	"-1.94449843"	"-1.57155434"	"-1.57692233"	"-1.87466647"	" 0.538935007"
"AT1G02340"	"FBI1"	"Encodes a light-inducible, nuclear bHLH protein involved in phytochrome signaling. Mutants exhibit a long-hypocotyl phenotype only under far-red light but not under red light and are defective in other phytochrome A-related responses. Mutants also show blue light response defects. HFR1 interacts with COP1, co-localizes to the nuclear specks and is ubiquinated by COP1."	"839300"	"UP"	"Rhythmic"	" 2.848392"	"-0.33835866"	" 13.099307"	"8.026568e-23"	"3.722215e-20"	" 41.43781263"	"UP"	"Rhythmic"	"1.883497e-03"	"5.936297e-04"	"24"	" 3.0"	"0.6411040"	"0.6737241"	"1.954219e-01"	"-0.24039037"	"-0.82901284"	"-1.49709428"	" 0.81217597"	" 0.76482190"	" 0.99467972"	" 2.07077302"	" 0.90053838"	" 1.44785372"	" 0.30058965"	" 0.7446878"	" 0.73024334"	"-1.22871730"	"-0.77814616"	" 0.675973890"	"-1.01013070"	"-0.61367139"	" 1.08413230"	"-1.1359929"	"-0.772720248"	"-2.4178256"	"-1.5504497"	"-0.67014537"	"-1.44797096"	"-0.75719579"	"-0.592741662"	"-0.55287564"	"-0.86195194"	"-1.08135833"	"-1.01008411"	"-1.92785304"	"-0.05914630"	"-1.19698266"	"-0.02089911"	"-1.782669048"	"-1.30360863"	"-0.88718198"	"-1.02951883"	"-1.61796356"	"-0.989821657"	" 0.39462787"	"-0.4256408"	"-1.22406684"	"-0.85332600"	" 1.41281482"	" 0.43274710"	"-0.198247004"
"AT4G17470"	"CRSH"	NA	"827458"	"UP"	"Rhythmic"	" 2.681999"	" 2.07809269"	"  8.184059"	"1.408442e-12"	"2.051204e-10"	" 18.17317479"	"UP"	"Rhythmic"	"1.124364e-05"	"2.007292e-06"	"24"	"10.0"	"1.6070792"	"1.8215496"	"4.391181e+00"	"-0.12335661"	"-0.62568067"	"-0.63662601"	"-1.95128923"	" 2.84309923"	" 0.99526101"	" 0.02262847"	" 0.76972207"	" 2.41905312"	" 4.49896199"	" 1.1175192"	" 3.40974427"	" 0.21320833"	" 2.23480246"	" 4.911222301"	" 1.08596026"	" 3.27337361"	" 2.27883341"	" 3.6893324"	" 4.439211247"	" 3.0499949"	" 1.3665029"	" 3.87165712"	" 2.53432975"	" 3.78807695"	" 0.229209635"	" 2.47142935"	" 2.36352346"	" 1.66280435"	" 1.47575681"	" 1.46797238"	" 2.44257841"	"-1.95723500"	" 0.76995973"	"-0.279916880"	" 1.84869132"	" 1.53611862"	" 1.14212022"	"-0.44384537"	"-0.688878087"	" 1.34582891"	" 0.5416783"	" 1.43625582"	"-0.63351268"	"-1.81815590"	"-1.91020728"	"-0.609032755"
"AT2G23680"	NA	NA	"816899"	"DOWN"	"Rhythmic"	"-2.346090"	"-0.01680489"	"-10.975324"	"1.847945e-18"	"6.262403e-16"	" 31.53138398"	"DOWN"	"Rhythmic"	"1.167402e-03"	"3.496508e-04"	"24"	"16.0"	"0.8932193"	"0.8165384"	"1.660281e+00"	" 2.16610679"	" 1.72262602"	" 0.98234731"	" 1.33837505"	" 0.02935043"	"-0.35546474"	" 1.18023895"	" 0.46653891"	" 0.26693832"	" 0.53726927"	" 0.3385887"	"-0.09310884"	"-2.47019576"	" 0.08347740"	"-1.921697049"	" 0.66597341"	" 0.87708095"	" 1.68462104"	" 0.2126460"	"-0.172091256"	" 1.3764354"	" 0.8679454"	" 2.03640651"	" 1.38823665"	" 1.80047209"	" 2.740444864"	" 1.93169393"	" 2.25634945"	" 0.95639169"	" 2.36210719"	" 2.52841638"	" 1.21214925"	" 1.93662012"	" 2.00030448"	" 1.712885151"	" 1.15683853"	" 0.47804150"	" 1.18120816"	" 1.05029109"	" 1.029172622"	" 2.09722490"	" 1.9207851"	"-1.14175797"	" 1.73355395"	" 0.25164683"	" 0.69865521"	" 1.930501479"
"AT4G16590"	"ATCSLA01"	"encodes a gene similar to cellulose synthase"	"827360"	"UP"	"Rhythmic"	" 2.294786"	" 0.44791561"	"  6.122639"	"2.182170e-08"	"1.429524e-06"	"  8.70418757"	"UP"	"Rhythmic"	"1.265371e-03"	"3.823687e-04"	"24"	" 6.0"	"1.4407663"	"1.6325040"	"1.428085e+00"	"-0.39310301"	"-0.34069935"	" 2.78164296"	"-0.85741220"	" 2.13405426"	" 3.01633588"	"-0.32299335"	" 2.84775652"	" 2.86014886"	" 3.67290102"	" 2.8764866"	" 3.68294096"	"-0.69802956"	" 1.79039278"	" 3.002314081"	" 0.54772161"	" 1.56627024"	"-0.63253733"	" 1.8226649"	" 1.702082871"	" 3.8229525"	" 1.3583518"	"-0.18547293"	" 2.75115347"	" 3.81685960"	" 3.144892866"	" 3.27196676"	" 2.67866907"	" 1.22190955"	"-0.67024821"	"-0.40680328"	"-0.29937523"	"-0.84995455"	" 1.50847360"	"-1.157997019"	"-0.46684786"	"-0.41543210"	"-1.44276250"	"-1.34247398"	" 0.735997397"	"-0.69679850"	"-1.0505091"	"-1.45529816"	"-0.37496637"	"-0.47128094"	"-0.16270944"	" 0.029896988"
"AT2G22980"	"SCPL13"	NA	"816829"	"UP"	"Rhythmic"	" 2.134475"	" 3.89478623"	" 10.810375"	"4.093212e-18"	"1.311465e-15"	" 30.74658526"	"UP"	"Rhythmic"	"6.426274e-07"	"8.511477e-08"	"24"	" 6.0"	"0.6586825"	"1.2519902"	"9.535662e+00"	" 0.58494448"	" 0.49308059"	" 0.85478071"	" 0.06835875"	" 0.64294957"	" 1.46586525"	" 0.31450098"	" 1.67668863"	" 2.68922469"	" 2.58250417"	" 2.4226195"	" 2.90710902"	" 2.81510496"	" 3.58788097"	" 3.386377891"	" 3.12153585"	" 2.47143776"	" 3.04487386"	" 1.6992334"	" 1.656925540"	" 0.6084082"	" 1.9157317"	" 1.83260007"	" 1.20186430"	" 0.94260937"	" 0.617323042"	" 0.73241674"	" 0.62959894"	" 1.23528720"	" 1.49994714"	" 0.69277594"	" 0.82967842"	"-0.31791440"	"-0.34580230"	" 0.165845731"	" 0.57701251"	" 0.86053244"	"-1.06640661"	" 0.26741258"	" 0.952268509"	" 0.09426287"	" 1.5179444"	" 0.45382728"	" 0.51919204"	" 1.56690560"	" 1.35206990"	" 1.194756894"
"AT2G29650"	"ANTR1"	"Encodes an inorganic phosphate transporter (PHT4;1) that  is localized to the thylakoid membrane."	"817515"	"UP"	"Rhythmic"	" 1.977170"	" 4.44107412"	" 18.423565"	"9.004494e-33"	"1.057848e-29"	" 63.92188339"	"UP"	"Rhythmic"	"8.213737e-22"	"1.118657e-24"	"24"	" 4.0"	"3.7654098"	"3.7011599"	"1.281742e+02"	" 5.82318442"	" 5.92067472"	" 6.53428559"	" 6.11138020"	" 6.46895459"	" 7.13098494"	" 6.92155003"	" 6.71205196"	" 6.81716718"	" 6.71534076"	" 7.0009750"	" 7.16982478"	" 6.31756089"	" 6.49490725"	" 6.598142016"	" 6.59676491"	" 5.66162154"	" 5.91415240"	" 5.9864541"	" 5.953710497"	" 3.6365874"	" 3.7248045"	" 3.37504016"	" 3.85204961"	" 2.68060139"	" 0.975635489"	" 1.94862333"	" 2.15681004"	" 0.78619492"	" 0.38772945"	"-0.38109096"	" 0.42915651"	"-0.33003219"	"-1.18706181"	" 0.963247107"	" 0.78401988"	" 0.36624930"	" 0.04694834"	" 0.28378357"	" 2.306174272"	" 0.75757260"	" 1.2424587"	" 1.80844291"	" 3.74082066"	" 4.21979829"	" 4.23283024"	" 4.018889118"
"AT1G76960"	NA	NA	"844031"	"DOWN"	"Rhythmic"	"-1.902169"	" 4.14853602"	" -9.317335"	"5.760666e-15"	"1.180401e-12"	" 23.59334034"	"DOWN"	"Rhythmic"	"7.778610e-10"	"4.793764e-11"	"24"	"10.0"	"1.1279468"	"1.5856027"	"7.141599e+01"	" 3.71949067"	" 4.67393391"	" 3.68194905"	" 5.06762656"	" 4.62727268"	" 5.18152649"	" 5.19014542"	" 5.37549289"	" 5.40276906"	" 5.25279201"	" 6.9087798"	" 6.43893145"	" 6.27411524"	" 5.60808624"	" 4.970519053"	" 5.89271756"	" 6.44261402"	" 5.93944421"	" 6.7841405"	" 6.004706700"	" 7.1545158"	" 6.4501811"	" 6.59234689"	" 7.00466155"	" 4.86203482"	" 6.295095104"	" 6.64425457"	" 5.79439619"	" 4.29162822"	" 4.25373086"	" 5.41512466"	" 4.06495093"	" 6.24502306"	" 4.97778989"	" 5.164866623"	" 5.09247256"	" 4.02084008"	" 4.28789572"	" 5.35938915"	" 2.996029827"	" 4.40954904"	" 3.3988629"	" 3.11944291"	" 3.77365765"	" 2.42398070"	" 1.49048793"	" 4.252432699"
"AT2G45660"	"AGL20"	"Controls flowering and is required for CO to promote flowering. It acts downstream of FT. Overexpression of (SOC1) AGL20 suppresses not only the late flowering of plants that have functional FRI and FLC alleles but also the delayed phase transitions during the vegetative stages of development. AGL20/SOC1 acts with AGL24 to promote flowering and inflorescence meristem identity.AGL20 upregulates expression of AGL24 in response to GA."	"819174"	"UP"	"Rhythmic"	" 1.848658"	" 3.20204835"	" 13.454222"	"1.565068e-23"	"7.879896e-21"	" 43.04845699"	"UP"	"Rhythmic"	"2.681375e-07"	"3.237979e-08"	"24"	" 7.0"	"0.9488110"	"1.0957949"	"5.750159e+00"	" 1.15585835"	" 1.76490457"	" 0.67874185"	" 1.65423572"	" 2.68022097"	" 3.16827148"	" 3.05059311"	" 3.11563262"	" 4.43125523"	" 4.30409474"	" 4.3183326"	" 4.04495325"	" 4.29277233"	" 3.99074116"	" 4.826924234"	" 4.75595622"	" 4.28089067"	" 3.46366678"	" 3.7582818"	" 3.458669013"	" 2.8970912"	" 3.1336418"	" 2.58791603"	" 3.27667618"	" 3.38394226"	" 2.644924309"	" 2.98063682"	" 2.38082393"	" 2.21490792"	" 3.28060129"	" 3.08843529"	" 2.89360857"	" 2.69881323"	" 2.06695912"	" 1.700972383"	" 2.12280543"	" 2.64478364"	" 2.14561246"	" 2.45702748"	" 1.455334221"	" 2.11285868"	" 2.3773727"	" 2.23048789"	" 2.98477534"	" 2.12752575"	" 1.28259977"	" 2.478456606"
"AT1G06040"	"BBX24"	"Encodes salt tolerance protein (STO) which confers salt tolerance to yeast cells. Fully complements calcineurin deficient yeast but does not encode a phosphoprotein phosphatase. Sequence has similarities to CONSTANS. STO co-localizes with COP1 and plays a role in light signaling."	"837113"	"UP"	"Rhythmic"	" 1.785632"	" 6.23250039"	" 11.143777"	"8.217760e-19"	"3.016945e-16"	" 32.33106263"	"UP"	"Rhythmic"	"1.998361e-17"	"1.213396e-19"	"24"	" 4.0"	"3.7780773"	"4.3379835"	"7.607928e+02"	" 8.45641907"	" 8.39875664"	" 8.48686965"	" 8.41204239"	" 8.52625837"	" 8.45067006"	" 8.49860245"	" 8.44656118"	" 8.28443494"	" 8.14661087"	" 7.8933775"	" 8.35476012"	" 7.35867876"	" 7.61394440"	" 7.671057244"	" 7.48842136"	" 6.79709887"	" 6.81665634"	" 6.7806232"	" 6.813536095"	" 5.6879600"	" 5.9416146"	" 5.38503435"	" 5.70525428"	" 4.57262503"	" 3.434668518"	" 3.42709987"	" 4.08905353"	" 0.40699937"	" 0.33832113"	"-0.36282935"	"-0.18735357"	"-0.02729857"	"-0.04627886"	"-0.248129538"	" 0.51839551"	" 1.33171864"	" 0.66895143"	" 0.80971628"	" 1.973840398"	" 2.41571040"	" 2.5527937"	" 2.03474493"	" 5.74233000"	" 6.22991865"	" 5.43044695"	" 5.499626941"
"AT2G47180"	"AtGolS1"	NA	"819331"	"UP"	"Rhythmic"	" 1.722277"	" 0.86140946"	"  6.902406"	"6.198594e-10"	"5.810193e-08"	" 12.18987551"	"UP"	"Rhythmic"	"2.812714e-13"	"6.623972e-15"	"24"	" 4.0"	"2.5641703"	"2.7684707"	"6.088545e+00"	" 3.31177785"	" 2.92007387"	" 3.87887053"	" 3.23440008"	" 4.26255336"	" 2.94119154"	" 3.51200925"	" 4.10223490"	" 3.65587672"	" 4.44677823"	" 5.0537260"	" 4.78306786"	" 2.33379044"	" 2.65735806"	" 2.332487776"	" 2.88361733"	" 1.64310284"	" 1.22355603"	" 0.5600401"	" 1.362718965"	"-0.7760411"	" 0.4768872"	"-0.37404304"	"-0.01730328"	"-0.55994335"	" 0.322164594"	"-1.18478847"	"-1.52310271"	"-1.66513673"	"-2.19982331"	"-1.29379660"	"-0.37043629"	"-0.95120545"	"-1.60803404"	"-1.035002599"	"-1.24727564"	"-1.54394261"	"-1.73874157"	"-1.07856704"	"-1.406612416"	"-0.60742187"	"-1.2815060"	"-1.22598353"	" 1.52930396"	" 0.95227053"	" 0.63297267"	"-1.856468157"
"AT5G17880"	"CSA1"	"Encodes a TIR-NBS-LRR protein CSA1 that functions in photomorphogenic development.  csa1 mutants display a constitutive shade-avoidance (CSA) phenotype (long stem) under high red:far-red rations (i.e. in the absence of a shade signal).  csa1 mutation can be complemented by RPS4, a TIR-NBS-LRR protein that confers resistance against bacterium Pseudomonas syringae."	"831656"	"UP"	"Rhythmic"	" 1.712176"	" 1.68713173"	" 13.111997"	"7.569033e-23"	"3.604905e-20"	" 41.49564731"	"UP"	"Rhythmic"	"6.691832e-03"	"2.423140e-03"	"24"	"15.0"	"0.6057130"	"0.6755571"	"1.078024e+00"	" 1.74567596"	" 1.25112094"	" 0.15127176"	" 1.86416164"	" 1.55676152"	" 0.63188140"	" 2.16387289"	" 1.80343789"	" 2.11432191"	" 0.23240269"	" 2.6191156"	" 2.00290588"	" 1.65517994"	" 0.80533714"	" 2.248039574"	" 1.93907414"	" 1.77650351"	" 2.35486696"	" 1.7557855"	" 1.577502419"	" 1.5747485"	" 1.8933421"	"-0.64359607"	" 3.00621878"	" 2.68711108"	" 2.816126939"	" 2.83083235"	" 2.93699095"	" 2.85116872"	" 2.01672063"	" 2.82068484"	" 1.83687212"	" 2.73181318"	" 2.62890921"	" 2.751692687"	" 2.22787539"	" 2.42933521"	" 2.58169255"	" 2.66139971"	" 2.741434448"	" 1.32108671"	" 3.2059112"	" 2.60228343"	" 2.98845468"	" 2.65520367"	" 2.26090624"	" 1.446555656"
"AT2G41240"	"BHLH100"	"Encodes a member of the basic helix-loop-helix transcription factor family protein."	"818723"	"DOWN"	"Rhythmic"	"-1.689260"	" 0.28137698"	" -4.901448"	"4.023024e-06"	"1.256981e-04"	"  3.63536620"	"DOWN"	"Rhythmic"	"4.439796e-07"	"5.651154e-08"	"24"	"17.0"	"2.4909717"	"2.7766823"	"1.665862e+01"	" 1.20932753"	" 0.90232306"	" 2.54749599"	" 2.94545454"	" 1.16567968"	" 0.24518398"	" 0.27010168"	" 2.15560262"	" 0.73397418"	" 0.10386444"	" 1.0367661"	" 1.59754309"	"-0.52834840"	"-0.85901978"	"-0.044201951"	" 0.53173228"	" 3.31966139"	" 0.39819704"	" 5.4439784"	" 3.443033895"	" 6.3029760"	" 5.8361225"	" 1.38860372"	" 6.26855710"	" 3.07954516"	" 4.362882124"	" 6.62771314"	" 0.64985745"	" 1.07963868"	" 6.67548606"	" 6.47472375"	" 2.73878712"	" 7.24052314"	" 4.64315966"	" 6.867726578"	" 7.22922831"	" 3.52829724"	" 6.78563575"	" 7.22711487"	" 4.523532161"	" 3.71511881"	" 5.3694265"	" 5.25117613"	" 1.67167328"	" 2.85800115"	" 2.94888657"	" 5.269570173"
"AT2G24850"	"TAT"	"Encodes a tyrosine aminotransferase that is responsive to treatment with jasmonic acid."	"817022"	"DOWN"	"Rhythmic"	"-1.672301"	" 2.36304243"	" -4.917317"	"3.772867e-06"	"1.191496e-04"	"  3.69733841"	"DOWN"	"Rhythmic"	"2.989637e-03"	"9.904380e-04"	"24"	"11.0"	"0.8555152"	"0.7485001"	"5.212562e+00"	" 0.44063853"	" 1.43336761"	" 1.69137019"	" 2.15835344"	" 3.22765544"	" 2.25925240"	" 1.41142730"	" 0.52117590"	" 2.15208688"	" 0.77910707"	" 3.2690269"	" 2.01458041"	" 0.77987198"	" 0.62039019"	" 1.489657838"	" 1.48725988"	" 2.82774079"	" 0.82911686"	" 2.1693655"	" 3.346116703"	" 3.1860765"	" 1.5032426"	" 3.55532274"	" 4.73922088"	" 4.38557657"	" 4.683350579"	" 5.05511736"	" 2.55822095"	" 1.54784039"	"-0.66201209"	" 1.35950917"	" 1.15907537"	" 4.17818894"	" 4.00191057"	" 1.353244019"	" 2.35244618"	" 0.64651590"	" 0.24112074"	" 2.70382225"	" 0.777180368"	" 1.37903777"	" 0.7461658"	" 0.39606059"	" 0.95948431"	"-0.51342365"	" 0.03008233"	" 0.721042338"
"AT4G11320"	"AtCP2"	NA	"826734"	"UP"	"Rhythmic"	" 1.665121"	" 2.30266256"	"  7.379249"	"6.609319e-11"	"7.418435e-09"	" 14.38729602"	"UP"	"Rhythmic"	"8.390698e-05"	"1.875075e-05"	"24"	" 8.0"	"1.2713098"	"1.4028803"	"5.284036e+00"	" 1.83987653"	" 2.20539419"	" 1.35588326"	" 1.30664347"	" 3.96115223"	" 1.92578003"	" 4.06830968"	" 1.97348512"	" 3.72494820"	" 3.97636590"	" 4.6384105"	" 3.71659332"	" 4.55445747"	" 4.42211290"	" 4.910604993"	" 4.99866654"	" 4.71175946"	" 3.68920824"	" 4.2226063"	" 4.947291349"	" 2.0366560"	" 4.2244884"	" 4.59439988"	" 5.45407650"	" 3.14066297"	" 3.564396386"	" 4.64753596"	" 2.17741741"	" 2.29526605"	" 3.20834715"	" 3.73067934"	" 0.91242753"	" 2.80846785"	" 3.93064196"	" 3.693528804"	" 2.74278053"	" 1.33046780"	" 2.50392009"	" 1.60977324"	" 2.403230745"	" 1.55135390"	" 2.2776849"	" 2.30244663"	" 3.99423172"	" 2.31634417"	" 2.89637488"	" 2.619211474"
"AT3G16530"	NA	"Lectin like protein whose expression is induced upon treatment with chitin oligomers."	"820901"	"DOWN"	"Rhythmic"	"-1.657706"	" 4.89138956"	" -6.409368"	"5.990292e-09"	"4.670838e-07"	"  9.96780745"	"DOWN"	"Rhythmic"	"3.456912e-07"	"4.284358e-08"	"24"	"21.0"	"1.6570488"	"1.7706529"	"1.186226e+02"	" 5.19226128"	" 5.97102869"	" 4.76216276"	" 6.96082151"	" 4.30593609"	" 2.52268369"	" 3.25335587"	" 3.63238269"	" 3.03582947"	" 3.02218567"	" 4.1831485"	" 3.84671627"	" 2.16885719"	" 4.32996964"	" 2.418552057"	" 3.21668808"	" 1.85753548"	" 2.54647191"	"-0.8755968"	" 1.809667054"	"-0.7089428"	" 1.2738919"	" 2.65434297"	" 2.41297512"	" 1.41655912"	" 4.415483091"	" 2.26503285"	" 2.48492567"	" 5.32896073"	" 3.69299621"	" 5.09285235"	" 3.02250523"	" 6.33373351"	" 4.53181454"	" 5.333692242"	" 5.94184856"	" 4.61447907"	" 3.75502702"	" 6.02929542"	" 5.636115632"	" 4.47282059"	" 4.6387609"	" 5.09178052"	" 4.99776382"	" 3.73594697"	" 4.08398526"	" 6.482723610"
"AT2G21620"	"RD2"	"Encodes gene that is induced in response to dessication; mRNA expression is seen 10 and 24 hrs after start of dessication treatment."	"816700"	"DOWN"	"Rhythmic"	"-1.650287"	" 4.12128569"	"-14.275318"	"3.767249e-25"	"2.141499e-22"	" 46.71738061"	"DOWN"	"Rhythmic"	"2.336054e-09"	"1.635848e-10"	"24"	"11.0"	"0.5882379"	"0.8685454"	"2.699375e+01"	" 4.42219502"	" 4.83546503"	" 4.15284171"	" 4.24498489"	" 4.36418488"	" 3.72736156"	" 4.21508058"	" 4.23073829"	" 5.05120482"	" 5.15374926"	" 5.0518785"	" 5.03458091"	" 5.48236818"	" 5.32559212"	" 5.222110766"	" 6.07894909"	" 6.25871236"	" 6.41559013"	" 6.2996327"	" 6.421338494"	" 5.8422697"	" 5.7632610"	" 5.77935585"	" 5.85845104"	" 5.58773676"	" 5.329565537"	" 5.05526797"	" 5.61703420"	" 5.27075147"	" 5.17765073"	" 5.70606201"	" 5.43665468"	" 5.22540827"	" 5.48990992"	" 4.977935522"	" 5.08850666"	" 5.08203622"	" 4.63956357"	" 4.93555291"	" 4.931251405"	" 5.37945334"	" 4.7678319"	" 4.95306500"	" 4.65801588"	" 4.48476206"	" 4.59233349"	" 4.818315893"
"AT2G14247"	NA	NA	"2745524"	"DOWN"	"Rhythmic"	"-1.639789"	" 0.03822714"	" -5.928282"	"5.175127e-08"	"2.970557e-06"	"  7.86144983"	"DOWN"	"Rhythmic"	"1.242270e-07"	"1.371136e-08"	"24"	"16.5"	"2.7273702"	"2.8660096"	"1.436524e+01"	" 0.51787534"	" 0.63676009"	" 2.69378352"	" 1.73668977"	" 0.46560060"	"-0.01856986"	"-0.01004869"	" 0.56315675"	" 1.58012950"	" 0.57123413"	" 1.4550064"	" 0.69178408"	"-0.70388860"	"-0.31404423"	"-0.276958129"	" 0.31817289"	" 2.42446386"	"-0.38808601"	" 4.2829013"	" 1.790397899"	" 4.8669566"	" 4.2077735"	" 1.72486440"	" 4.65409926"	" 2.80181055"	" 3.623788229"	" 5.32562113"	" 1.12295522"	" 3.36211146"	" 6.70348688"	" 6.54276548"	" 4.33009066"	" 7.13457480"	" 4.74109029"	" 6.340101305"	" 6.34973505"	" 3.33890536"	" 5.95932610"	" 6.09530567"	" 3.525593350"	" 2.40963022"	" 4.8915705"	" 4.07764958"	" 0.59942822"	" 0.53973578"	" 2.54427570"	" 4.880053577"
"AT2G05070"	"LHCB2"	"Encodes Lhcb2.2.  Belongs to the Lhc super-gene family encodes the light-harvesting chlorophyll a/b-binding (LHC) proteins that constitute the antenna system of the photosynthetic apparatus."	"815055"	"UP"	"Rhythmic"	" 1.636554"	"10.94704577"	" 10.114735"	"1.189522e-16"	"3.176023e-14"	" 27.42147560"	"UP"	"Rhythmic"	"7.438596e-25"	"1.688479e-28"	"24"	" 4.0"	"3.9902148"	"5.1808361"	"3.656050e+04"	"12.30889248"	"12.00744842"	"12.43985449"	"12.10799094"	"12.97926703"	"13.30101457"	"13.05575937"	"13.19041301"	"13.30130427"	"12.95860813"	"13.1977017"	"13.42051850"	"12.72771463"	"13.39421026"	"13.115660194"	"12.89021200"	"11.82885182"	"11.51120668"	"11.2579011"	"11.707212151"	" 8.1022107"	" 8.2823769"	" 8.67598982"	" 8.68118819"	" 7.28179878"	" 6.733042554"	" 6.16957058"	" 7.13680081"	" 3.28329268"	" 3.63040646"	" 3.08715392"	" 3.65877026"	" 3.51255497"	" 3.44679360"	" 4.081070708"	" 4.70622576"	" 5.34023282"	" 3.77019122"	" 4.62926447"	" 6.602467387"	" 6.96505257"	" 7.2172315"	" 6.57630832"	"10.64301660"	"11.06379161"	"10.75205510"	"10.427850203"
"AT4G08870"	"ARGAH2"	"Encodes one of the two arginase in the genome. Gene expression is enhanced by methyl jasmonate treatment."	"826458"	"UP"	"Rhythmic"	" 1.536038"	" 6.42003223"	"  6.305505"	"9.591483e-09"	"6.955601e-07"	"  9.50742681"	"UP"	"Rhythmic"	"3.230628e-14"	"5.554876e-16"	"24"	" 5.0"	"2.1588914"	"2.4286673"	"2.144831e+02"	" 6.38919178"	" 5.37688582"	" 7.33400504"	" 5.86234319"	" 8.24307331"	" 7.96322215"	" 7.68561481"	" 8.00784757"	" 7.87765746"	" 8.66818132"	" 8.1635840"	" 9.03747344"	" 5.80660343"	" 7.09664420"	" 8.425484132"	" 6.84849401"	" 6.20771900"	" 5.78581919"	" 7.3299340"	" 6.998938486"	" 5.2203729"	" 4.7037515"	" 6.21312027"	" 5.76352704"	" 6.65562907"	" 5.171646354"	" 6.00248641"	" 4.31177112"	" 3.73939402"	" 2.93154308"	" 3.15195218"	" 3.94065514"	" 2.75571275"	" 4.01311362"	" 1.878623561"	" 4.37288341"	" 2.90658730"	" 3.08479425"	" 2.78534643"	" 3.911976987"	" 3.89625135"	" 3.7930498"	" 4.77636776"	" 4.54212633"	" 3.91803711"	" 3.80438679"	" 5.200906347"
"AT2G25590"	NA	NA	"817098"	"DOWN"	"Rhythmic"	"-1.525345"	"-0.27538373"	" -8.916230"	"4.056190e-14"	"7.368884e-12"	" 21.66862568"	"DOWN"	"Rhythmic"	"4.373165e-02"	"1.985321e-02"	"24"	"18.0"	"0.5779952"	"0.6365536"	"8.231405e-01"	"-0.38839670"	" 1.20649075"	" 0.70697871"	" 0.68157937"	" 2.32622144"	" 0.47059943"	" 0.97606010"	" 1.16068465"	" 0.60567200"	" 0.49983078"	" 2.2972004"	" 1.95393779"	" 0.44843434"	" 1.55962766"	" 1.964012088"	" 1.56223316"	" 1.45312545"	" 2.53775628"	" 0.6057257"	" 1.122269710"	" 1.9088852"	" 1.6833025"	" 2.30943432"	" 2.15606315"	" 1.79381844"	" 1.407297351"	" 1.44451059"	" 2.27053410"	" 1.91022573"	" 1.62494916"	" 2.33796090"	" 1.73507887"	" 1.48591384"	" 2.59859490"	" 2.471659894"	" 2.00300341"	" 1.41287258"	" 2.03763603"	" 2.06477558"	" 2.338204530"	" 2.92078586"	" 2.7674106"	" 3.36996682"	" 2.63822832"	" 3.23980532"	" 1.81033058"	" 2.701253509"
"AT1G13609"	NA	"Encodes a defensin-like (DEFL) family protein."	"3766721"	"DOWN"	"Rhythmic"	"-1.505964"	" 0.49157639"	" -4.351991"	"3.462504e-05"	"7.281175e-04"	"  1.56607100"	"DOWN"	"Rhythmic"	"1.221030e-04"	"2.849208e-05"	"24"	"16.0"	"1.6002223"	"2.0768647"	"1.043694e+01"	" 1.59073610"	" 1.78608463"	" 3.71114840"	" 4.19426043"	" 1.19269263"	" 1.47763570"	" 2.23154680"	" 2.06117231"	" 0.52527447"	" 0.49880132"	" 2.8573952"	" 2.50525992"	" 3.13686351"	" 2.29956754"	" 0.231973120"	" 0.67509048"	" 4.21139675"	" 0.08009199"	" 5.4101213"	" 3.122913784"	" 5.9298672"	" 6.0992666"	" 2.13641500"	" 5.36336808"	" 2.64728000"	" 2.874690262"	" 5.46671033"	" 0.87001809"	" 0.88178485"	" 7.45808742"	" 7.03560229"	" 4.32422841"	" 7.06711842"	" 4.28120138"	" 5.620401118"	" 5.96900042"	" 3.45054215"	" 6.18175679"	" 6.60210535"	" 4.938683597"	" 2.58802904"	" 5.7539892"	" 4.30317694"	" 2.78788194"	" 3.29671818"	" 3.25322931"	" 5.793871279"
"AT3G23550"	"DTX18"	NA	"821934"	"DOWN"	"Rhythmic"	"-1.495965"	" 1.35091361"	" -4.382009"	"3.089805e-05"	"6.680802e-04"	"  1.67507541"	"DOWN"	"Rhythmic"	"2.117515e-04"	"5.247524e-05"	"24"	"18.0"	"2.1353105"	"2.0268787"	"1.380338e+01"	" 2.39589893"	" 4.02078675"	" 0.48588900"	" 5.45514085"	" 1.49497675"	"-0.09399983"	"-0.12109747"	"-2.36557895"	" 0.28733551"	"-0.10690549"	" 2.1603622"	" 1.27900870"	"-2.73565468"	" 2.60829024"	"-0.339036178"	" 1.31399210"	" 1.12472051"	" 1.16179741"	"-1.0729970"	" 0.136429317"	"-3.0987671"	" 0.1067226"	"-0.20914298"	" 0.81724511"	" 2.09858138"	" 4.653526244"	" 1.75603107"	" 1.70438370"	" 4.93295833"	" 5.08440849"	" 6.70725979"	" 2.32599836"	" 5.29724192"	" 3.82157318"	" 3.421365403"	" 4.54456088"	" 1.71312003"	" 1.60911462"	" 4.57861987"	" 3.970675668"	" 2.27651998"	" 3.3229362"	" 2.95917908"	" 2.95944994"	" 2.20009171"	" 1.86225830"	" 5.929628916"
"AT2G30790"	"PSBP-2"	"Encodes a 23 kD extrinsic protein that is part of photosystem II and participates in the regulation of oxygen evolution."	"817630"	"DOWN"	"Rhythmic"	"-1.491990"	"-0.23594143"	" -8.693410"	"1.197319e-13"	"2.068544e-11"	" 20.60161526"	"DOWN"	"Rhythmic"	"7.187174e-03"	"2.621267e-03"	"24"	" 3.0"	"0.5384625"	"0.6952204"	"8.690809e-01"	"-1.07689643"	"-1.62238998"	"-0.46070187"	"-1.32581630"	"-0.43736825"	" 0.68232244"	" 0.62017470"	" 0.38497445"	"-0.15604589"	"-0.21596519"	" 0.1101523"	"-0.07455271"	"-2.41380156"	"-0.67854724"	" 0.953747552"	" 0.09316372"	"-1.08690667"	"-0.54735195"	"-1.1021192"	"-1.617065156"	"-1.2394085"	"-0.1877517"	"-1.21229692"	"-1.16838296"	"-2.40314166"	"-0.997731307"	"-2.40026819"	" 0.08988737"	"-0.41615661"	"-1.16992936"	"-1.55233849"	"-1.66145425"	"-1.60391937"	"-1.94173174"	"-0.989163730"	"-1.08792239"	"-0.97296070"	"-0.80874690"	"-0.90726582"	"-1.297679205"	"-2.77858709"	"-0.7771734"	"-1.53285722"	"-0.60830306"	" 0.51515419"	" 0.34684162"	"-0.576117429"
"AT1G47400"	"FEP3"	NA	"841144"	"DOWN"	"Rhythmic"	"-1.489141"	"-0.12722614"	" -4.849081"	"4.968482e-06"	"1.481465e-04"	"  3.43169861"	"DOWN"	"Rhythmic"	"5.022035e-03"	"1.761503e-03"	"24"	"16.5"	"1.6008748"	"1.7685296"	"4.936502e+00"	" 1.28689086"	" 1.44318748"	" 4.40106142"	" 2.93222519"	" 1.24170868"	" 3.24702926"	" 0.35195953"	" 1.71468912"	" 0.11573850"	" 0.90127256"	" 2.2107996"	" 1.30675782"	" 0.20060119"	" 0.99860250"	" 0.027440784"	" 1.06530103"	" 4.10593285"	" 0.87171567"	" 5.9287809"	" 2.986087238"	" 6.0650111"	" 6.6852600"	" 1.79879341"	" 5.43103284"	" 0.42351755"	" 1.344430171"	" 5.08928845"	" 0.72510304"	" 2.77638126"	" 6.08755354"	" 5.50111772"	" 3.52393380"	" 5.80897482"	" 3.21744041"	" 4.669525398"	" 5.40320281"	" 2.67160158"	" 4.92465945"	" 4.51043641"	" 3.115103388"	" 1.82218531"	" 2.8934509"	" 2.98449258"	" 2.46885632"	" 0.85597346"	" 1.64341314"	" 4.787836046"
"AT5G57660"	"ATCOL5"	NA	"835872"	"UP"	"Rhythmic"	" 1.487277"	" 4.99048803"	" 10.673056"	"7.945399e-18"	"2.373116e-15"	" 30.09203142"	"UP"	"Rhythmic"	"1.338736e-19"	"4.026387e-22"	"24"	" 4.0"	"2.8201256"	"3.1478381"	"1.476754e+02"	" 6.21893961"	" 6.39328426"	" 5.40169077"	" 6.30856254"	" 7.04062188"	" 6.91927515"	" 7.15483388"	" 6.63819004"	" 7.20227646"	" 6.88487895"	" 6.5866064"	" 7.03281421"	" 6.39606676"	" 6.44881166"	" 6.785828945"	" 6.43623890"	" 5.13283545"	" 5.24765135"	" 4.4759611"	" 4.847431126"	" 2.1672208"	" 2.5160884"	" 3.56434837"	" 2.46055178"	" 3.42050912"	" 2.877579349"	" 2.32688658"	" 2.80102690"	" 0.49735944"	" 1.56062607"	" 0.20415847"	" 0.89614463"	" 0.53017570"	" 0.29183811"	" 0.661050886"	" 1.50785105"	" 1.56879336"	" 1.48011358"	" 1.71739274"	" 3.416104772"	" 3.97213531"	" 3.7059747"	" 3.84169417"	" 6.02452772"	" 6.29750138"	" 6.03341946"	" 5.255325627"
"AT2G26560"	"PLA"	"Encodes a lipid acyl hydrolase with wide substrate  specificity that accumulates upon infection by fungal  and bacterial pathogens. Protein is localized in the cytoplasm in healthy leaves, and in membranes in infected cells. Plays a role in cell death and differentially affects the accumulation of oxylipins. Contributes to resistance to virus."	"817197"	"UP"	"Rhythmic"	" 1.485752"	" 2.50312026"	"  6.259943"	"1.178134e-08"	"8.238525e-07"	"  9.30639881"	"UP"	"Rhythmic"	"1.472820e-04"	"3.500268e-05"	"24"	"12.0"	"1.0867321"	"1.4104449"	"5.341748e+00"	"-2.46019099"	" 0.61170188"	" 0.34908452"	" 1.54469560"	"-1.13594620"	"-3.10676066"	"-2.24111411"	"-1.57174912"	" 2.34780618"	" 1.64094965"	" 1.9873900"	" 1.18764127"	" 1.72007143"	" 2.51420529"	" 1.820290126"	" 3.33564335"	" 2.89316833"	" 3.54359662"	" 1.4681648"	" 1.951347458"	" 0.9099903"	" 0.2137871"	" 2.87847980"	" 1.48176811"	" 3.19411920"	" 5.020118395"	" 3.98606962"	" 4.07092653"	" 1.33182302"	" 2.15961511"	" 3.44296020"	"-0.08083756"	" 3.04073737"	" 1.23352532"	" 1.098199811"	" 1.47396101"	" 0.51507291"	" 0.15241087"	" 1.78040387"	" 0.301847233"	" 0.92852071"	" 0.9266212"	" 0.14643739"	" 1.30670013"	" 0.71631444"	"-0.35382111"	" 1.086138560"
"AT2G16595"	NA	NA	"816160"	"UP"	"Rhythmic"	" 1.452138"	"-0.21275761"	"  7.800676"	"8.888502e-12"	"1.135023e-09"	" 16.35989093"	"UP"	"Rhythmic"	"4.634524e-02"	"2.121330e-02"	"24"	"15.0"	"0.4846423"	"0.6595954"	"3.221713e-01"	"-0.58865434"	" 0.56336515"	" 0.70245941"	" 1.11337864"	"-1.34475549"	"-1.13903439"	" 0.06818047"	"-1.26718152"	" 0.12813884"	"-0.53481678"	"-1.2747022"	" 0.51676814"	" 0.49872385"	"-0.12898589"	" 0.038384831"	"-1.17774399"	" 0.77655637"	"-0.71834859"	" 1.0984496"	"-0.942856912"	" 0.6147095"	" 1.2631121"	" 0.76586468"	" 0.22227184"	" 1.37615002"	" 0.337359431"	" 1.13186025"	" 0.43521813"	" 1.15183600"	" 0.69206909"	" 1.09608433"	" 0.06211933"	" 1.25203730"	"-0.29975123"	"-0.338673851"	" 1.14405716"	" 0.92366974"	"-0.07053408"	" 0.66803750"	" 0.011551531"	"-0.99206852"	" 0.7723590"	"-0.03051967"	"-0.06598019"	"-1.21095209"	" 0.70442983"	" 1.513410207"
"AT3G16770"	"ATEBP"	"Encodes a member of the ERF (ethylene response factor) subfamily B-2 of the plant specific ERF/AP2 transcription factor family (RAP2.3).  The protein contains one AP2 domain. There are 5 members in this subfamily including RAP2.2 AND RAP2.12.It is localized to the nucleus and acts as a transcriptional activator through the GCC-box. It has been identified as a suppressor of Bax-induced cell death by functional screening in yeast and can also suppress Bax-induced cell death in tobacco plants. Overexpression of this gene in tobacco BY-2 cells confers resistance to H2O2 and heat stresses. Overexpression in Arabidopsis causes upregulation of PDF1.2 and GST6.   It is part of the ethylene signaling pathway and is predicted to act downstream of EIN2 and CTR1, but not under EIN3."	"820929"	"UP"	"Rhythmic"	" 1.441233"	" 5.07895703"	" 10.746251"	"5.578536e-18"	"1.724648e-15"	" 30.44105509"	"UP"	"Rhythmic"	"1.188485e-11"	"4.613117e-13"	"24"	" 0.0"	"0.8646008"	"1.1351297"	"2.546817e+01"	" 6.33059756"	" 6.49629599"	" 3.98996336"	" 6.18775375"	" 5.70363868"	" 5.45618439"	" 5.89690034"	" 5.40169620"	" 4.69768976"	" 5.26794265"	" 4.8652928"	" 4.29486020"	" 4.17150237"	" 3.64256261"	" 4.355725049"	" 4.25483604"	" 3.26924313"	" 3.80264524"	" 2.9247493"	" 2.551691277"	" 2.8311986"	" 3.3486767"	" 4.17431800"	" 2.17891822"	" 3.71128059"	" 3.223762701"	" 2.44944678"	" 3.76601488"	" 3.21240515"	" 3.79720249"	" 3.79274539"	" 3.71508531"	" 4.43373739"	" 4.06954961"	" 3.894484647"	" 3.33474944"	" 4.77914697"	" 3.95191245"	" 4.69313121"	" 4.414424756"	" 5.47077018"	" 5.0821901"	" 4.54535125"	" 5.82764725"	" 6.05589855"	" 5.77130051"	" 4.584319961"
"AT1G73325"	NA	NA	"843667"	"UP"	"Rhythmic"	" 1.441211"	"-0.21433017"	"  4.636202"	"1.157317e-05"	"2.968594e-04"	"  2.61734677"	"UP"	"Rhythmic"	"1.342319e-04"	"3.158891e-05"	"24"	" 7.0"	"1.4259968"	"1.3601817"	"8.228315e-01"	"-1.31458670"	"-1.31110707"	" 1.85964822"	"-0.56881804"	" 2.10559520"	" 1.67760009"	" 0.66391668"	" 2.43127771"	" 1.88256034"	" 3.21245537"	"-0.5910637"	" 3.13047375"	"-1.40088108"	" 0.32713026"	" 2.293368450"	" 0.23618255"	" 0.73450418"	"-0.81008338"	" 1.5034404"	" 0.833101295"	" 1.9963126"	"-0.3284055"	"-0.37099550"	" 2.92658850"	" 3.10125742"	" 0.084588970"	" 0.72585975"	" 0.54968420"	"-0.11948455"	"-1.96393213"	"-1.47097122"	"-0.22304821"	"-1.40907638"	" 0.01563809"	"-0.585111342"	"-1.40214019"	"-1.35274728"	"-1.71927220"	"-1.40428718"	"-1.654834009"	"-1.07709076"	"-1.5030587"	"-1.30490807"	"-1.31477689"	"-1.30937539"	"-1.13463757"	"-0.803414219"
"AT3G56970"	"BHLH038"	"Encodes a member of the basic helix-loop-helix transcription factor family protein."	"824864"	"DOWN"	"Rhythmic"	"-1.414393"	"-0.43001172"	" -4.543011"	"1.664828e-05"	"4.025150e-04"	"  2.26797363"	"DOWN"	"Rhythmic"	"8.264221e-03"	"3.063324e-03"	"24"	"16.0"	"1.6308827"	"1.6675089"	"3.476585e+00"	" 1.00716830"	" 2.56349851"	" 4.62737145"	" 2.85992883"	" 0.82118882"	" 1.16093413"	" 1.00200369"	" 1.63040507"	" 0.75125780"	" 3.39821513"	" 2.0803744"	" 2.50362470"	" 0.34168848"	" 1.26127822"	" 2.764485181"	" 0.78503902"	" 3.29922130"	" 0.67437569"	" 5.7630705"	" 3.599136631"	" 5.5032439"	" 6.1986909"	" 1.53046074"	" 4.91684544"	" 3.52044943"	" 2.364960674"	" 4.36994590"	" 1.08070866"	" 1.70388559"	" 6.89436165"	" 6.10081235"	" 2.24167226"	" 5.66131370"	" 2.83164527"	" 5.010649475"	" 5.51583350"	" 2.54119866"	" 5.67280139"	" 5.25355374"	" 4.037791545"	" 0.92467234"	" 4.3565289"	" 3.98848259"	" 3.04257740"	" 2.80301538"	" 3.51635223"	" 5.483696592"
"AT1G52030"	"F-ATMBP"	"Similar to  myrosinase binding proteins which may be involved in metabolizing glucosinolates and forming defense compounds to protect against herbivory. Also similar to lectins and other agglutinating factors. Expressed only in flowers."	"841632"	"UP"	"Rhythmic"	" 1.389960"	" 1.86700439"	"  6.186003"	"1.642952e-08"	"1.122174e-06"	"  8.98141896"	"UP"	"Rhythmic"	"1.181384e-06"	"1.659247e-07"	"24"	"10.0"	"0.9200575"	"1.5687110"	"5.423319e+00"	" 2.62059805"	" 1.39178167"	" 3.15285324"	" 2.15627409"	" 1.74277210"	" 1.90034619"	" 1.96003987"	" 2.73883704"	" 1.12744042"	" 3.77231649"	" 3.7587205"	" 2.92081939"	" 2.73341997"	" 3.00378405"	" 4.156051119"	" 3.35231107"	" 3.84941186"	" 2.60856424"	" 2.7025989"	" 3.079923401"	" 3.4942123"	" 4.0472533"	" 4.19484147"	" 4.16130640"	" 3.01150051"	" 4.582315082"	" 4.43388618"	" 2.80136595"	" 2.07741873"	" 3.40415058"	" 2.96960302"	" 1.61095408"	" 2.91955144"	" 2.75560165"	" 2.099820937"	" 2.85591720"	" 2.72441332"	" 2.06586122"	" 1.67177557"	" 1.471676674"	" 0.80807275"	" 1.1900893"	" 2.13705222"	"-0.44508871"	" 0.93607178"	" 0.17872167"	" 2.655399695"
"AT1G14250"	NA	NA	"837986"	"UP"	"Rhythmic"	" 1.346776"	" 2.72343267"	"  5.368693"	"5.820355e-07"	"2.419016e-05"	"  5.50673339"	"UP"	"Rhythmic"	"2.127394e-08"	"1.919508e-09"	"24"	" 8.0"	"2.4660404"	"2.3851141"	"1.809497e+01"	" 1.09097468"	" 0.69672213"	" 1.84923146"	" 0.24972165"	" 4.00056837"	" 1.93737586"	" 2.44066130"	" 3.35143362"	" 4.54535074"	" 6.58174732"	" 5.6405753"	" 6.20311139"	" 4.20759838"	" 4.99661440"	" 7.027962804"	" 5.46662180"	" 5.41984309"	" 5.22807251"	" 4.4580399"	" 4.974195980"	" 3.3380462"	" 3.5659964"	" 5.48913883"	" 5.56394782"	" 4.67461708"	" 4.464150988"	" 4.29826765"	" 2.69315836"	" 3.28848881"	" 1.69908238"	" 2.08998033"	" 1.02388128"	" 2.16978722"	" 2.09830921"	" 2.589740721"	" 2.78712794"	" 1.82656420"	" 0.49001245"	" 0.74601962"	" 0.365835801"	" 1.33669261"	" 0.9705322"	" 1.53881919"	" 0.45726325"	"-0.60229531"	" 0.85623714"	" 2.623485005"
"AT3G15356"	NA	NA	"820768"	"DOWN"	"Rhythmic"	"-1.339863"	" 5.13565753"	" -4.774810"	"6.688815e-06"	"1.907286e-04"	"  3.14506813"	"DOWN"	"Rhythmic"	"9.062764e-06"	"1.583489e-06"	"24"	"21.0"	"1.5181333"	"1.6090218"	"1.087491e+02"	" 5.17425971"	" 6.36503706"	" 4.95734925"	" 7.49241122"	" 3.42685666"	" 2.05150232"	" 2.80620662"	" 3.40860461"	" 2.11942572"	" 3.05204059"	" 4.1154334"	" 3.90870831"	" 1.75888117"	" 4.24526226"	" 1.968083420"	" 3.60277109"	" 2.23720158"	" 1.76682638"	"-0.3450940"	" 2.819222851"	"-1.1396531"	" 1.0257001"	" 2.44133269"	" 2.78252887"	" 2.29652758"	" 4.924964004"	" 2.31157929"	" 2.94995604"	" 5.11135072"	" 3.21988966"	" 4.94147700"	" 2.58210006"	" 6.48041127"	" 4.16589777"	" 4.966187549"	" 5.86703114"	" 4.40732197"	" 2.94136394"	" 5.29256365"	" 5.568391774"	" 3.92719577"	" 4.5953785"	" 4.62625104"	" 5.01280071"	" 4.16590877"	" 4.15170630"	" 6.735897595"
"AT2G05100"	"LHCB2"	"Lhcb2.1 protein encoding a subunit of the light harvesting complex II. Member of a gene family with high degree of sequence similarity. Initially LHCB2.3 was considered as a separate gene but appears to be an allele of LHCB2.1."	"815058"	"UP"	"Rhythmic"	" 1.327322"	"11.13921209"	"  7.772642"	"1.016445e-11"	"1.288618e-09"	" 16.22793176"	"UP"	"Rhythmic"	"2.986174e-25"	"5.083714e-29"	"24"	" 4.0"	"3.5056798"	"5.0970153"	"4.409752e+04"	"12.72741357"	"12.40355640"	"12.84425005"	"12.58267039"	"13.19394629"	"13.55649253"	"13.29709631"	"13.39745588"	"13.54835927"	"13.19542219"	"13.4630858"	"13.61079936"	"12.95304703"	"13.60372693"	"13.337023358"	"13.07363587"	"11.89418947"	"11.62059465"	"11.3996349"	"11.811586213"	" 7.8909046"	" 8.1064211"	" 8.65301942"	" 8.49895513"	" 7.32597789"	" 6.878982210"	" 6.29264169"	" 7.19854466"	" 3.65525561"	" 4.09047594"	" 3.33131620"	" 4.00391377"	" 4.02811436"	" 3.69737253"	" 4.387623504"	" 5.21940386"	" 5.88802753"	" 4.23519643"	" 5.25940993"	" 7.652936417"	" 8.00259561"	" 8.1929096"	" 7.61153037"	"11.37466207"	"11.70763651"	"11.51150356"	"11.138626934"
"AT1G66760"	NA	NA	"842994"	"UP"	"Rhythmic"	" 1.325051"	" 0.71882056"	"  6.803345"	"9.818067e-10"	"8.782435e-08"	" 11.73893497"	"UP"	"Rhythmic"	"1.124364e-05"	"2.007292e-06"	"24"	" 4.0"	"1.3221416"	"1.1797054"	"1.317650e+00"	" 1.89078562"	" 2.24886749"	" 1.28425298"	" 1.78538960"	" 2.01825189"	" 0.74967304"	" 1.36450667"	" 1.69467349"	" 1.76914608"	" 2.82933729"	" 0.9135433"	" 2.39050545"	" 1.24608799"	" 2.62404761"	" 2.308711623"	" 1.14642447"	" 1.26119337"	"-0.11756749"	" 0.9776618"	" 1.615284314"	"-0.2598588"	"-0.7347098"	"-1.63766902"	"-0.43046257"	"-0.17103564"	"-1.074169856"	" 1.08520463"	" 1.23587912"	" 0.14433910"	" 0.42581375"	"-0.08440097"	" 0.01712273"	"-1.11394304"	" 0.88127544"	"-2.141290872"	"-0.16191758"	"-0.55961891"	"-0.60001682"	"-0.75321957"	" 0.875784445"	" 0.79351965"	"-0.7050969"	"-1.01725266"	" 1.38546876"	" 0.27410477"	" 1.23943294"	" 1.961393373"
"AT4G13577"	NA	NA	NA	"DOWN"	"Rhythmic"	"-1.299046"	"-0.78670032"	" -6.086959"	"2.559111e-08"	"1.657965e-06"	"  8.54860062"	"DOWN"	"Rhythmic"	"7.308718e-06"	"1.245908e-06"	"24"	" 2.5"	"1.2765214"	"1.3475096"	"1.409591e+00"	" 1.86861195"	" 0.25490855"	"-0.18669679"	" 1.87013134"	" 2.47274271"	" 3.35630066"	" 4.04848390"	" 3.41142087"	" 2.40690491"	" 2.14927081"	" 1.9718340"	" 1.84768009"	" 0.90876359"	" 1.84749893"	" 0.142750136"	" 2.18851525"	"-0.81986688"	"-1.82725330"	"-0.5681784"	" 0.111649305"	"-1.6001826"	"-1.2213395"	" 0.42465537"	"-0.53062303"	"-0.81548461"	"-0.211884502"	"-1.27704435"	" 0.20436492"	"-0.42773289"	" 0.13200584"	"-1.11554440"	"-1.44246485"	"-1.10481392"	" 0.80929558"	"-1.383968488"	"-1.36676729"	" 1.13638741"	" 0.67072921"	" 1.15887491"	"-0.078623130"	" 0.54815674"	" 0.8289344"	" 0.31744857"	" 0.25421012"	" 1.50799939"	" 0.07757370"	"-0.690341988"
"AT2G22660"	"AtGRDP1"	NA	"816797"	"UP"	"Rhythmic"	" 1.285869"	" 4.08428644"	" 11.558365"	"1.128021e-19"	"4.417331e-17"	" 34.29052517"	"UP"	"Rhythmic"	"7.857064e-09"	"6.251052e-10"	"24"	"14.0"	"0.7485242"	"1.0276360"	"1.215073e+01"	" 2.55512498"	" 3.46504929"	" 2.95651128"	" 3.91058094"	" 3.26002996"	" 1.33948890"	" 2.95284921"	" 2.60316371"	" 3.80272249"	" 3.92351858"	" 3.8713282"	" 3.41437229"	" 4.74939270"	" 4.48957857"	" 4.198194623"	" 4.70143144"	" 4.28500994"	" 5.17664315"	" 4.2881184"	" 4.705724929"	" 4.3519806"	" 4.3101978"	" 5.25450581"	" 4.83916188"	" 4.50953737"	" 5.165833206"	" 4.99395825"	" 4.91106695"	" 5.28620611"	" 4.12421524"	" 4.45341725"	" 4.62799434"	" 5.61779752"	" 5.39172212"	" 5.161761087"	" 5.00553307"	" 4.99041246"	" 4.75798883"	" 4.99775176"	" 4.671006089"	" 4.17578217"	" 4.5441162"	" 4.80085191"	" 4.12366602"	" 3.92474280"	" 4.34853173"	" 4.271429163"
"AT1G47395"	"FEP2"	NA	"841143"	"DOWN"	"Rhythmic"	"-1.283765"	"-0.70770273"	" -4.719087"	"8.346930e-06"	"2.259441e-04"	"  2.93177307"	"DOWN"	"Rhythmic"	"6.044839e-04"	"1.678779e-04"	"24"	"16.0"	"1.7250334"	"1.7604836"	"2.989840e+00"	"-0.06001779"	" 0.02817861"	" 2.72119324"	" 2.72131032"	"-0.05403944"	" 2.10919170"	" 0.17428499"	"-0.04524288"	"-0.07567854"	"-0.08748192"	" 0.7993899"	"-0.58408076"	" 1.02176562"	" 0.49276496"	" 0.478309580"	"-0.48364036"	" 2.66058943"	"-0.41534129"	" 4.5274181"	" 2.080823626"	" 4.6807211"	" 5.4145899"	"-0.04983791"	" 3.73396871"	" 0.14662392"	" 1.624919831"	" 3.59445064"	" 0.33610675"	" 3.07885873"	" 4.97902385"	" 4.04169342"	" 2.52652038"	" 4.45432466"	" 1.65120253"	" 3.409414640"	" 3.72628964"	" 1.75530632"	" 3.70607048"	" 3.75960702"	" 1.611412548"	" 1.13456103"	" 2.3042783"	" 1.21385754"	" 0.65714738"	" 0.53959338"	" 0.33196450"	" 4.098609017"
"AT2G18670"	"ATL56"	NA	"816382"	"DOWN"	"Rhythmic"	"-1.283716"	" 0.28230258"	" -7.236431"	"1.297267e-10"	"1.393929e-08"	" 13.72486669"	"DOWN"	"Rhythmic"	"2.102303e-02"	"8.682647e-03"	"24"	"13.0"	"0.1731239"	"0.6528301"	"1.114210e+00"	"-0.09902853"	"-0.24454915"	"-0.79498064"	" 0.28727301"	" 0.53940065"	" 1.46289508"	" 0.08838366"	" 0.46848014"	" 2.26815912"	" 1.81497464"	" 1.1560237"	" 2.21156844"	" 1.84456116"	" 2.23600185"	" 3.070176555"	" 2.67536689"	" 1.60169513"	" 2.90187959"	" 1.0814345"	" 1.021880648"	" 0.1388606"	" 0.1071160"	" 0.74848728"	" 1.41597931"	" 2.54179412"	" 2.180060862"	" 2.09289264"	" 2.38881277"	" 1.54466416"	" 1.98024398"	" 1.75004482"	" 1.92214240"	" 2.34850818"	" 1.61563906"	" 1.606338765"	" 1.54998214"	" 1.63765256"	" 1.24331903"	" 2.09337922"	" 1.664067409"	" 2.17566860"	" 1.8355016"	" 1.26643505"	" 1.49566098"	" 0.52353807"	" 1.21664570"	" 1.184736861"
"AT3G56980"	"BHLH039"	"Encodes a member of the basic helix-loop-helix transcription factor protein."	"824865"	"DOWN"	"Rhythmic"	"-1.278309"	"-0.80246707"	" -4.369749"	"3.237091e-05"	"6.935268e-04"	"  1.63049637"	"DOWN"	"Rhythmic"	"1.077804e-03"	"3.195735e-04"	"24"	"17.0"	"1.5751143"	"1.7177206"	"2.542689e+00"	"-0.32748274"	"-0.27989419"	" 2.78277529"	" 0.81330679"	" 1.27806199"	"-0.23796216"	" 0.56594492"	" 0.33151486"	"-0.45988607"	"-0.37189854"	"-1.2857550"	" 1.41426654"	" 0.22895951"	"-1.13554622"	"-0.458073061"	"-0.51130321"	" 2.09516975"	" 0.01009274"	" 3.8307343"	" 2.196774281"	" 4.1236012"	" 4.3811415"	" 1.29716761"	" 3.72455915"	" 2.23869190"	" 0.847395453"	" 2.75707405"	"-0.31711440"	"-0.61697827"	" 5.16669897"	" 4.84614420"	"-0.25366887"	" 4.15294881"	" 1.87737441"	" 3.523679903"	" 4.26860265"	" 2.55906282"	" 4.38542350"	" 4.33870213"	" 2.396005315"	" 0.14428903"	" 2.9400905"	" 2.81549745"	" 1.46754522"	"-0.39596354"	" 1.27890866"	" 4.005932469"
"AT2G24600"	NA	NA	"816996"	"DOWN"	"Rhythmic"	"-1.276561"	" 1.45522270"	" -5.600352"	"2.164571e-07"	"1.028142e-05"	"  6.46775895"	"DOWN"	"Rhythmic"	"5.404049e-03"	"1.908989e-03"	"24"	"15.0"	"0.8043134"	"0.6985252"	"2.457509e+00"	" 2.64744022"	" 3.03457081"	" 2.47355205"	" 2.82143924"	" 1.04175978"	" 0.99616531"	" 1.78652112"	" 0.15658274"	" 0.77999864"	" 1.57154378"	" 0.2618618"	" 0.33400441"	" 0.23769679"	" 0.76567456"	"-0.372368316"	"-0.46945532"	" 0.93062438"	" 1.00022866"	" 0.8178467"	" 0.405127970"	" 2.3784424"	" 2.1701521"	" 4.06878782"	" 1.62156914"	" 3.31765864"	" 3.655930873"	" 3.70632447"	" 3.21116671"	" 2.26432805"	" 2.86686431"	" 2.69186358"	" 1.32380036"	" 1.91106022"	" 1.90505314"	" 1.574591043"	" 1.57518196"	" 1.17819504"	" 1.35355823"	" 2.33734180"	" 1.532130338"	" 1.81113558"	" 1.0036042"	" 1.26179878"	" 1.28394069"	" 0.14935302"	" 1.04451258"	" 1.039107118"
"AT5G54190"	"PORA"	"light-dependent NADPH:protochlorophyllide oxidoreductase A"	"835507"	"UP"	"Rhythmic"	" 1.271942"	" 0.93128431"	"  4.170988"	"6.813940e-05"	"1.274684e-03"	"  0.91941087"	"UP"	"Rhythmic"	"2.117515e-04"	"5.247524e-05"	"24"	" 6.0"	"1.0764581"	"2.0010072"	"3.719604e+00"	"-3.66791759"	"-1.85816921"	"-3.43029009"	"-2.35593756"	"-1.12478981"	"-0.69823216"	" 1.21998562"	"-2.05635642"	" 2.84938261"	" 0.65325194"	" 0.8216695"	" 1.03891622"	" 2.48432981"	" 2.66803043"	" 3.605938895"	" 3.62168140"	" 1.88245696"	" 2.11083257"	" 0.4441375"	" 1.949494932"	"-1.5731809"	"-3.3164246"	" 0.33119581"	"-0.67374983"	"-1.48794083"	"-1.876546353"	"-2.20328825"	"-1.14378299"	"-2.01140176"	"-3.37204893"	"-3.67542223"	"-2.28337694"	"-2.56303989"	"-1.22518219"	"-2.121310157"	"-1.30518511"	"-0.12595998"	"-2.15568663"	"-2.47664178"	"-1.769674588"	"-1.43650276"	"-0.4008516"	"-1.72001069"	"-2.96642607"	"-0.93066471"	"-0.59702055"	"-1.360750172"
"AT3G51860"	"ATCAX3"	NA	"824349"	"DOWN"	"Rhythmic"	"-1.264704"	" 1.51904849"	" -4.750492"	"7.368785e-06"	"2.038504e-04"	"  3.05179901"	"DOWN"	"Rhythmic"	"1.370990e-03"	"4.179411e-04"	"24"	"21.0"	"1.0626691"	"1.2593051"	"5.441279e+00"	" 0.14854222"	" 2.41118192"	" 1.58562295"	" 2.82017257"	"-0.74023675"	" 0.74320446"	" 0.85672674"	"-0.37521067"	" 0.59911739"	" 0.13702329"	" 2.0286028"	" 1.63054722"	"-0.05717183"	"-0.87773059"	"-0.080721407"	" 0.82966216"	"-0.63635275"	"-2.67993827"	"-0.5194694"	" 0.388681880"	"-1.0017025"	"-0.1702848"	" 0.34816306"	" 0.17054942"	"-1.85452674"	" 0.353867093"	" 1.49783647"	"-0.13432149"	" 0.64781783"	"-0.78056817"	"-1.33240811"	"-0.87369935"	" 3.10706654"	" 1.24390772"	" 1.788059861"	" 2.93524008"	" 1.42013932"	" 0.86324911"	" 2.56844949"	" 1.249013551"	" 1.38370646"	" 1.3945466"	" 1.85730754"	" 1.98620892"	"-0.43207266"	" 0.41567733"	" 2.469118820"
"AT4G34135"	"UGT73B2"	"The At4g34135 gene encodes a flavonol 7-O-glucosyltransferase (EC 2.4.1.237) that glucosylates also with a 20 fold lower activity flavonols (kaempferol and quercetin) at the 3-O-position."	"829560"	"DOWN"	"Rhythmic"	"-1.259845"	" 1.12167064"	" -6.973627"	"4.448209e-10"	"4.330737e-08"	" 12.51535334"	"DOWN"	"Rhythmic"	"5.879854e-09"	"4.497812e-10"	"24"	"17.0"	"1.0684807"	"1.6265145"	"7.263100e+00"	" 1.93134677"	" 2.78099600"	" 1.90223857"	" 2.59793625"	" 0.83791267"	" 1.11035244"	"-2.17936397"	" 1.64032664"	" 0.49548357"	"-0.14163067"	" 0.1753584"	"-0.90624714"	" 1.96206022"	" 0.07217238"	"-0.079465336"	"-0.26787641"	" 1.40241510"	"-0.15286647"	" 0.6679715"	"-0.002913494"	" 2.5230184"	" 2.1947245"	" 2.09655481"	" 3.27869895"	" 1.53164502"	" 3.494075503"	" 3.43966009"	" 2.33015897"	" 3.01696779"	" 2.44213657"	" 3.47136280"	" 2.54621061"	" 3.87811005"	" 3.21495152"	" 2.956832263"	" 3.38676862"	" 2.69486528"	" 2.44552621"	" 3.68393564"	" 3.030714756"	" 3.12293230"	" 3.0048371"	" 3.35035224"	" 2.80807943"	" 2.28773828"	" 3.18038146"	" 2.490562627"
"AT2G18690"	NA	NA	"816384"	"DOWN"	"Rhythmic"	"-1.259427"	" 0.34012163"	" -5.698479"	"1.415760e-07"	"7.155536e-06"	"  6.88086861"	"DOWN"	"Rhythmic"	"4.121007e-02"	"1.857283e-02"	"24"	"21.0"	"0.6769603"	"1.0427196"	"1.789795e+00"	" 0.08427450"	" 1.64194744"	" 0.64979482"	" 1.44923039"	"-0.21519186"	"-1.95087167"	"-0.32540102"	"-2.21920355"	"-0.46764130"	" 0.05971656"	" 1.3823075"	"-1.42523874"	"-0.04698975"	"-1.14853795"	"-0.686210397"	"-0.61826084"	"-2.99871908"	"-2.45414289"	"-1.3662675"	"-2.322682771"	"-1.7174777"	"-1.3739919"	" 0.43872583"	"-1.37829840"	"-2.05811469"	" 0.480214445"	"-0.01111814"	"-0.15867254"	"-0.63186623"	"-1.71707098"	"-1.85912069"	"-1.75113270"	" 1.51273351"	" 0.60831055"	"-0.397233895"	" 0.80779840"	"-1.43398063"	"-0.29240100"	" 1.35106460"	" 0.600631506"	" 0.28010600"	"-0.2051575"	"-0.48993663"	" 0.04212022"	" 0.07862408"	"-0.61374089"	"-0.831695028"
"AT2G27420"	NA	NA	"817287"	"UP"	"Rhythmic"	" 1.256351"	"-0.19738778"	"  3.083844"	"2.691228e-03"	"2.304413e-02"	" -2.53604675"	"UP"	"Rhythmic"	"1.801715e-10"	"9.130244e-12"	"24"	" 1.0"	"0.6813213"	"2.8163797"	"3.351646e+00"	" 6.27740641"	" 5.44016658"	" 5.75445851"	" 4.90570126"	" 2.92617312"	" 4.11486888"	" 3.90607381"	" 4.10120844"	"-1.19290604"	"-1.46476634"	"-1.0596419"	" 1.34928504"	"-2.52800948"	"-1.41976943"	"-2.616288534"	"-2.56150521"	"-2.38475963"	"-2.04064264"	"-2.3368246"	"-2.284944149"	"-2.3518175"	"-2.2340477"	"-2.55496740"	"-2.41924982"	"-2.68358058"	"-2.477529667"	"-2.52166742"	"-2.58933117"	"-2.18371193"	"-2.48496492"	"-2.42860454"	"-2.65688443"	"-2.54864161"	"-2.62483268"	"-2.085081014"	"-2.49148493"	"-2.08118869"	"-2.37840254"	"-1.73709871"	"-2.060343886"	"-1.59143362"	"-0.6422488"	"-2.51496878"	"-1.51612540"	" 0.92794733"	"-0.89966953"	"-1.158595501"
"AT2G28790"	NA	NA	"817428"	"UP"	"Rhythmic"	" 1.233604"	" 2.48826489"	"  8.204865"	"1.273967e-12"	"1.886541e-10"	" 18.27199009"	"UP"	"Rhythmic"	"5.404049e-03"	"1.908989e-03"	"24"	" 7.0"	"0.4518295"	"0.6660558"	"2.296224e+00"	" 2.70639906"	" 2.83987035"	" 2.16488151"	" 2.44147859"	" 2.88646965"	" 2.43939545"	" 2.64988673"	" 2.98845770"	" 2.88971577"	" 4.20280563"	" 3.4720708"	" 2.49013859"	" 3.95578332"	" 3.04313573"	" 2.869958112"	" 4.12026645"	" 3.07803387"	" 2.38040727"	" 2.5842992"	" 2.764368967"	" 3.0086459"	" 2.5861239"	" 3.42566384"	" 3.44088824"	" 3.21450816"	" 3.174011782"	" 2.86304058"	" 2.35834731"	" 1.62523877"	" 2.32526710"	" 2.19198261"	" 1.49858952"	" 2.90412463"	" 2.72961681"	" 2.242170717"	" 2.82845776"	" 2.42766213"	" 3.25052814"	" 2.15086374"	" 2.077605230"	" 1.14942982"	" 1.9555697"	" 3.14639421"	" 1.77319383"	"-0.87607031"	" 2.50908862"	" 2.136026804"
"AT1G02205"	"CER1"	"Expression of the CER1 gene associated with production of stem epicuticular wax and pollen fertility. Biochemical studies showed that cer1 mutants are blocked in the conversion of stem wax C30 aldehydes to C29 alkanes, and they also lack the secondary alcohols and ketones. These suggested the CER1 protein is an aldehyde decarbonylase, but the exact molecular function of this protein remains to be determined."	"837602"	"UP"	"Rhythmic"	" 1.219824"	" 6.67756596"	"  8.316935"	"7.415861e-13"	"1.126572e-10"	" 18.80489297"	"UP"	"Rhythmic"	"9.062764e-06"	"1.583489e-06"	"24"	" 6.0"	"1.4363545"	"1.2354508"	"9.827814e+01"	" 5.79792528"	" 5.88995499"	" 7.74525747"	" 5.57552373"	" 7.62910178"	" 8.04341572"	" 7.69547831"	" 7.49775182"	" 7.15179159"	" 7.08053619"	" 7.1675249"	" 8.07457790"	" 7.36885818"	" 8.21794518"	" 6.927096523"	" 7.16455075"	" 7.79148082"	" 6.67820288"	" 8.4215441"	" 8.070163030"	" 7.7822588"	" 7.3524092"	" 6.64262545"	" 6.68582521"	" 6.35990902"	" 5.877870054"	" 6.48543706"	" 5.27023653"	" 5.34994546"	" 5.33610448"	" 4.71951719"	" 4.98973762"	" 4.32916460"	" 5.08534335"	" 5.069013856"	" 6.50689233"	" 6.08193553"	" 6.23432932"	" 5.81975968"	" 5.932647572"	" 5.90691009"	" 5.4087859"	" 6.48086209"	" 5.18745650"	" 4.51167614"	" 5.36354182"	" 5.466439867"
"AT2G24100"	"ASG1"	NA	"816944"	"UP"	"Rhythmic"	" 1.214814"	" 1.05015917"	"  5.986736"	"3.996014e-08"	"2.370968e-06"	"  8.11366423"	"UP"	"Rhythmic"	"1.612064e-08"	"1.399647e-09"	"24"	"23.0"	"1.8390717"	"1.9264043"	"3.722104e+00"	" 2.86922306"	" 3.44469214"	" 2.67728465"	" 2.79047753"	" 1.62019442"	" 1.65110425"	" 2.59459853"	" 1.80780448"	" 0.54413789"	" 1.31192475"	" 0.5273313"	" 0.35417334"	"-2.30145948"	"-0.11351333"	" 0.970603476"	"-0.47784211"	"-2.40503547"	"-2.28712104"	"-1.8757267"	" 0.197901947"	" 0.1438131"	"-0.4278006"	" 1.16922562"	"-0.94973587"	" 0.04712528"	" 0.089629207"	"-1.28393562"	"-0.72262047"	"-0.85449453"	" 0.26242931"	" 0.16924207"	"-0.98116455"	"-1.52748604"	"-1.08831420"	"-1.964058578"	" 0.47685103"	" 0.05516641"	"-0.97570573"	" 1.12537813"	" 1.453161232"	" 2.34323576"	" 2.6348337"	" 2.12287389"	" 3.80446970"	" 3.33718948"	" 3.82357066"	" 3.696166681"
"AT5G62350"	NA	NA	"836356"	"UP"	"Rhythmic"	" 1.198677"	" 6.86020109"	"  5.758588"	"1.089843e-07"	"5.750063e-06"	"  7.13561897"	"UP"	"Rhythmic"	"4.348227e-03"	"1.497772e-03"	"24"	" 9.0"	"0.9619809"	"1.1025270"	"8.934516e+01"	" 4.53932340"	" 3.79856879"	" 2.97978213"	" 3.42554389"	" 4.98080469"	" 4.58190147"	" 4.90068197"	" 4.49773774"	" 7.11684428"	" 7.30421597"	" 6.6871976"	" 6.81249794"	" 7.51389036"	" 7.68975221"	" 8.060564641"	" 7.70775138"	" 7.47869670"	" 7.99387763"	" 7.3219141"	" 7.432877857"	" 5.6012410"	" 5.6191191"	" 6.48370555"	" 5.95044055"	" 5.21522065"	" 4.823323999"	" 4.92457296"	" 5.60035311"	" 5.65417589"	" 6.78452449"	" 6.59911187"	" 5.86544644"	" 4.94508444"	" 5.84024853"	" 5.167156804"	" 5.51453709"	" 5.91241174"	" 5.36070613"	" 5.36644400"	" 5.354864148"	" 6.01004052"	" 5.6109620"	" 5.63661609"	" 5.03938759"	" 4.97940636"	" 4.94346674"	" 4.918010848"
"AT1G22550"	"NPF5.16"	NA	"838861"	"UP"	"Rhythmic"	" 1.195455"	" 0.52121351"	"  7.254031"	"1.194022e-10"	"1.290863e-08"	" 13.80631294"	"UP"	"Rhythmic"	"3.144862e-05"	"6.324703e-06"	"24"	" 9.0"	"0.7856250"	"1.0357251"	"9.949020e-01"	"-2.55159506"	"-2.54183171"	"-1.22595157"	"-0.50145502"	"-0.82153052"	" 0.64439868"	"-0.41203603"	"-0.30941465"	" 0.32770825"	"-0.98693340"	" 0.2080535"	" 0.05993996"	"-0.03083483"	" 1.37548803"	" 0.558722897"	" 1.05405677"	" 1.44101984"	" 0.89181852"	" 1.1779381"	" 1.208251722"	" 0.5452492"	" 0.3772219"	"-0.12542789"	" 0.07485628"	" 1.73532497"	" 1.195622377"	" 0.82365389"	" 1.95992319"	" 0.33841053"	"-1.07158545"	"-0.98463927"	"-0.26485707"	"-1.33876934"	"-0.72856596"	"-0.210439040"	"-0.06893180"	" 0.16685747"	"-1.53253723"	"-0.09344376"	"-0.997314661"	"-1.46516944"	"-0.5693631"	"-0.30130378"	"-0.33126087"	"-1.82796572"	" 0.27412287"	"-1.227838919"
"AT2G02930"	"ATGSTF3"	"Encodes glutathione transferase belonging to the phi class of GSTs. Naming convention according to Wagner et al. (2002)."	"814822"	"DOWN"	"Rhythmic"	"-1.157406"	" 0.86824329"	" -5.045168"	"2.240579e-06"	"7.741860e-05"	"  4.20083497"	"DOWN"	"Rhythmic"	"1.112336e-04"	"2.568436e-05"	"24"	"19.0"	"1.3748773"	"1.0717659"	"3.016414e+00"	" 1.12827746"	" 1.93236946"	" 0.44606443"	" 1.32067494"	"-0.55993876"	"-0.91357530"	" 0.35035642"	"-1.55270318"	"-0.91955799"	"-0.40054244"	"-0.3735651"	"-1.05608139"	"-1.07510071"	"-0.58861442"	"-0.605037759"	"-0.26922755"	"-1.59288037"	"-0.29645234"	"-3.2526047"	"-0.816092685"	"-1.7615695"	"-1.4138179"	"-0.08846143"	"-0.72474523"	"-1.25146843"	" 1.882205153"	" 0.14285440"	" 0.97938686"	" 1.84853794"	" 1.28188918"	" 0.65491783"	"-1.01398274"	" 2.22372456"	" 1.01075416"	" 1.738274696"	" 1.90934712"	" 1.61921156"	"-0.12415626"	" 1.27808956"	" 1.332339271"	" 0.25125751"	" 0.6396556"	" 0.99445449"	" 1.58467933"	"-0.45239978"	" 0.74164419"	" 1.669585049"
"AT2G34810"	"AtBBE16"	NA	"818046"	"UP"	"Rhythmic"	" 1.154408"	" 2.32833167"	"  6.550085"	"3.152500e-09"	"2.620442e-07"	" 10.59606883"	"UP"	"Rhythmic"	"3.730108e-08"	"3.570929e-09"	"24"	" 7.0"	"1.5781425"	"1.6001696"	"7.723651e+00"	" 3.25673139"	" 3.02096045"	" 3.92541292"	" 2.35548212"	" 4.48337560"	" 4.57134034"	" 3.14898512"	" 3.99491681"	" 3.84151942"	" 4.53495091"	" 3.8781507"	" 4.87589271"	" 3.66739806"	" 4.21672177"	" 4.418505674"	" 3.80051671"	" 4.81390347"	" 3.54642529"	" 4.7658193"	" 4.920582610"	" 4.6623317"	" 3.4019193"	" 4.82123844"	" 4.89469089"	" 3.78098759"	" 3.845537576"	" 5.02630304"	" 2.32416119"	" 3.09892193"	" 2.01853952"	" 2.21252999"	" 2.18667510"	" 2.35451125"	" 1.58753544"	" 1.692709242"	" 2.39442584"	" 1.97692060"	" 1.40641442"	" 2.25429233"	" 0.689736421"	" 1.99298808"	" 1.2848062"	" 2.08658959"	" 1.96486622"	" 2.36880260"	" 1.89946736"	" 2.448696415"
"AT5G18470"	NA	NA	"831965"	"DOWN"	"Rhythmic"	"-1.133964"	"-1.34048969"	" -5.974231"	"4.223638e-08"	"2.480965e-06"	"  8.05961674"	"DOWN"	"Rhythmic"	"4.252366e-05"	"8.817469e-06"	"24"	"15.0"	"1.0512541"	"1.1153625"	"6.512455e-01"	"-1.64891859"	" 0.08190551"	"-2.11716168"	"-0.18176568"	"-2.76944980"	"-2.69660926"	"-2.82884041"	"-2.73746536"	"-2.78004926"	"-2.71956927"	"-2.1777945"	"-0.07356337"	"-2.51409122"	"-0.36020542"	"-2.647006936"	"-1.05464351"	"-0.92054850"	"-1.08578803"	"-2.2279135"	"-0.664470512"	"-1.7991352"	" 0.5790801"	" 1.08553185"	" 0.29374463"	"-0.32411913"	" 1.242275367"	"-0.79870064"	" 1.12024739"	" 0.36956351"	"-0.37647835"	" 0.33580824"	"-1.36766835"	" 1.41276256"	"-0.69557528"	"-0.020069447"	" 0.00676893"	"-0.71975535"	"-0.64781471"	" 0.05179091"	" 0.003234514"	"-0.28322095"	"-0.6285193"	"-0.53665543"	" 0.10470791"	"-1.43490683"	"-1.48957401"	"-1.771546911"
"AT4G14365"	"XBAT34"	NA	"827080"	"DOWN"	"Rhythmic"	"-1.128548"	" 4.12591458"	" -4.980923"	"2.913758e-06"	"9.615400e-05"	"  3.94689882"	"DOWN"	"Rhythmic"	"2.989637e-03"	"9.904380e-04"	"24"	"15.0"	"1.1160185"	"0.6616378"	"1.223175e+01"	" 1.93287552"	" 3.28434506"	" 3.31822065"	" 3.40989208"	" 1.17310053"	" 0.31440239"	" 1.36921001"	" 0.29988826"	" 1.28001824"	" 0.98709583"	" 2.0428010"	" 1.55573890"	" 0.86125449"	" 0.73297188"	" 0.050495860"	" 1.52339549"	" 1.78802379"	" 1.04095288"	" 1.2272953"	" 1.875460662"	" 3.6867690"	" 2.9701457"	" 3.58578240"	" 3.32767648"	" 3.42868809"	" 4.919438161"	" 4.81143431"	" 4.27614678"	" 2.56089142"	" 1.63142825"	" 2.22145429"	" 1.40025397"	" 4.26331360"	" 3.24840847"	" 3.006724987"	" 3.07271565"	" 1.35977594"	" 1.36421762"	" 2.97688176"	" 2.067281283"	" 2.47490770"	" 2.2390700"	" 1.89014404"	" 2.45565763"	" 0.89694643"	" 1.28237822"	" 2.233228433"
"AT4G13575"	NA	NA	"6240258"	"DOWN"	"Rhythmic"	"-1.100311"	" 2.12614202"	" -5.875457"	"6.531613e-08"	"3.624112e-06"	"  7.63447235"	"DOWN"	"Rhythmic"	"7.857064e-09"	"6.251052e-10"	"24"	" 2.0"	"1.3295591"	"1.4209382"	"1.003820e+01"	" 2.21983409"	" 2.39634679"	" 1.75778192"	" 2.30582686"	" 3.87805115"	" 4.24253034"	" 4.13277614"	" 4.28454487"	" 3.50792364"	" 3.56179115"	" 3.6322309"	" 3.80699194"	" 3.95398694"	" 3.60286881"	" 3.746510473"	" 3.10991434"	" 1.98271066"	" 1.63409952"	" 0.4671940"	" 1.343307277"	" 1.0958131"	" 1.2297285"	" 0.44022388"	" 0.47508944"	" 1.22399611"	" 0.747630206"	" 1.24877402"	" 1.64222244"	" 1.32006909"	"-0.07192637"	" 0.64287413"	" 1.50312658"	" 1.55282205"	" 1.70905512"	" 1.766702417"	" 2.02434694"	" 2.41070307"	" 1.37341341"	" 1.68776880"	" 2.717370090"	" 2.71235249"	" 2.7915933"	" 2.48307272"	" 3.03457690"	" 3.16659103"	" 3.15335769"	" 3.431454492"
"AT2G04570"	"GGL14"	NA	"814999"	"UP"	"Rhythmic"	" 1.085099"	" 2.83133843"	"  7.830680"	"7.699116e-12"	"9.976016e-10"	" 16.50122178"	"UP"	"Rhythmic"	"1.011179e-05"	"1.783420e-06"	"24"	" 2.0"	"0.5861013"	"0.8067878"	"3.857656e+00"	" 3.45658882"	" 3.67261124"	" 3.68162862"	" 2.50820187"	" 2.92730196"	" 3.67003570"	" 3.50191142"	" 3.35175105"	" 2.48978608"	" 3.44695059"	" 2.3865678"	" 2.44272977"	" 1.26852127"	" 2.96075664"	" 2.559531211"	" 1.79024009"	" 2.14206586"	" 2.09842950"	" 2.7075583"	" 3.273556086"	" 2.7512804"	" 3.0360918"	" 2.18787722"	" 2.37949580"	" 1.82865980"	" 0.851927020"	" 1.70972982"	" 1.92798018"	" 0.28944583"	" 1.07330625"	" 0.83978560"	" 0.53661641"	" 1.29779389"	" 1.69510826"	" 1.161561471"	" 2.89140950"	" 2.49359996"	" 2.54060635"	" 1.99407871"	" 2.624142270"	" 2.65428346"	" 1.1228215"	" 2.96840233"	" 1.78662623"	" 1.89094856"	" 2.95919265"	" 2.797981467"
"AT5G58070"	"ATTIL"	"Encodes a temperature-induced lipocalin TIL1.  Involved in thermotolerance.  Peripherally associated with plasma membrane."	"835919"	"UP"	"Rhythmic"	" 1.084698"	" 6.02012540"	"  9.617910"	"1.333180e-15"	"2.973834e-13"	" 25.03701150"	"UP"	"Rhythmic"	"5.035326e-14"	"9.258004e-16"	"24"	" 6.0"	"1.2774750"	"1.6732662"	"1.025619e+02"	" 6.00925263"	" 5.95795247"	" 6.04343282"	" 5.67623497"	" 6.31898809"	" 6.60842582"	" 6.44035404"	" 6.19185650"	" 7.16681934"	" 7.01491809"	" 6.9934559"	" 7.17118222"	" 7.38352579"	" 7.17763334"	" 7.645659985"	" 7.49616777"	" 7.28198196"	" 7.04701071"	" 7.3939939"	" 7.377277670"	" 6.4049654"	" 6.4266652"	" 6.24806123"	" 6.24752237"	" 5.19263379"	" 4.801803296"	" 5.09560027"	" 5.18846709"	" 3.15729459"	" 3.54899432"	" 3.64992810"	" 3.31354833"	" 4.25047578"	" 3.74676808"	" 3.582122163"	" 4.44524999"	" 4.37518800"	" 4.35175291"	" 4.92557462"	" 5.074540533"	" 5.44297568"	" 5.2369099"	" 5.17020738"	" 5.58358819"	" 5.34532950"	" 5.27580684"	" 4.849679902"
"AT5G35490"	"ATMRU1"	"Encodes MRU1 (mto 1 responding up).  Up-regulated in mto1-1 mutant that over-accumulates soluble methionine."	"833513"	"DOWN"	"Rhythmic"	"-1.079525"	" 0.75392846"	" -6.746615"	"1.276515e-09"	"1.124738e-07"	" 11.48164728"	"DOWN"	"Rhythmic"	"5.688490e-07"	"7.430998e-08"	"24"	" 1.5"	"1.5030796"	"1.4141771"	"3.885973e+00"	" 1.52710931"	" 1.79067048"	" 0.70684797"	" 1.25326080"	" 2.85820356"	" 3.10448669"	" 2.49490742"	" 2.97122177"	" 2.34898048"	" 1.96845235"	" 2.3484707"	" 1.54913431"	" 3.33988456"	" 1.74870096"	" 2.373905432"	" 2.19661885"	"-0.61214061"	" 0.01185139"	"-0.7622735"	" 0.499746041"	"-0.2992415"	"-1.3520091"	" 0.40596237"	"-0.65086701"	"-0.02255418"	" 0.056080233"	" 0.12759087"	" 0.31464765"	"-0.39387656"	" 0.11022820"	"-0.66793755"	" 0.33813437"	" 0.45185721"	" 0.08674960"	" 0.526572174"	" 0.70684295"	" 1.21587603"	"-0.41838091"	" 0.57334591"	" 1.372880845"	" 2.11642077"	" 0.3824678"	" 1.48047693"	" 2.98103167"	" 2.46494494"	" 2.10217100"	" 2.817627526"
"AT4G16740"	"ATTPS03"	"Encodes an (E,E)-alpha-farnesene synthase in the Col ecotype of Arabidopsis. This enzyme can also catalyze the formation of (E)-beta-ocimene as well as trace amounts of myrcene and other related compounds in vitro. The cytosolic localization of the protein may make it favor (E,E)-alpha-farnesene biosynthesis because the precursor of this product, FPP, is primarily cytosolic. Transcript levels for this gene increase in response to treatment with the jasmonic acid mimic coronalon or in response to the insect <i>Plutella xylostella</i>. TPS03 transcripts can also be detected in flowers. A similar protein from the C24 ecotype with one amino acid change (S267F) has a different substrate specificity."	"827377"	"UP"	"Rhythmic"	" 1.072298"	"-1.30159487"	"  3.762876"	"2.939715e-04"	"4.154264e-03"	" -0.46804207"	"UP"	"Rhythmic"	"1.839412e-07"	"2.114771e-08"	"24"	" 7.0"	"0.1131506"	"1.3247628"	"4.301656e-01"	"-2.43890375"	"-2.43201578"	"-2.62551092"	"-2.45988155"	"-1.78615254"	"-2.43856478"	"-2.41200808"	"-2.43394129"	"-0.39805465"	"-2.43821121"	"-1.8324358"	"-1.36952350"	" 1.76940571"	" 0.24255424"	" 1.081007022"	" 1.93788227"	" 0.82915668"	" 0.18877343"	" 1.0402622"	" 0.687832664"	"-2.6066764"	"-1.8309586"	"-2.46318625"	"-1.65747841"	"-2.42568894"	"-1.396374413"	"-2.05555017"	"-2.46070101"	"-2.43146486"	"-2.54441360"	"-2.56006580"	"-2.45244650"	"-2.48876986"	"-2.45532533"	"-2.523270627"	"-2.51192893"	"-2.43601707"	"-2.59556550"	"-2.47609711"	"-2.500366396"	"-2.44811062"	"-2.5023274"	"-2.52068725"	"-2.43629852"	"-2.45083062"	"-2.42464692"	"-2.549904014"
"AT5G17700"	NA	NA	"831637"	"UP"	"Rhythmic"	" 1.070864"	" 2.68733804"	"  7.389734"	"6.289310e-11"	"7.104502e-09"	" 14.43605988"	"UP"	"Rhythmic"	"2.317584e-04"	"5.798564e-05"	"24"	"12.0"	"0.5008953"	"0.7595681"	"3.223372e+00"	" 1.62527159"	" 1.44157617"	" 1.11361691"	" 0.29714157"	" 2.40915859"	" 1.82560176"	" 1.70245617"	" 1.24734727"	" 2.70021632"	" 2.46610571"	" 2.5807736"	" 1.76345583"	" 1.19474775"	" 2.53486296"	" 2.938561762"	" 2.83794296"	" 3.00161687"	" 3.81880353"	" 2.7824635"	" 3.365858267"	" 1.8721843"	" 2.5827629"	" 3.32669570"	" 2.48534958"	" 2.71030875"	" 1.930936529"	" 2.30881789"	" 2.70092891"	" 3.99515839"	" 2.75300517"	" 2.80448633"	" 3.13210076"	" 2.06207178"	" 3.26175788"	" 1.919555031"	" 2.04463218"	" 2.28673866"	" 2.14547513"	" 2.07892711"	" 2.404626117"	" 2.10419757"	" 2.2587351"	" 2.68982814"	" 0.54071113"	" 2.39533607"	" 1.50165831"	" 1.626233098"
"AT2G39330"	"JAL23"	NA	"818518"	"UP"	"Rhythmic"	" 1.070660"	" 2.23138915"	"  4.267058"	"4.767170e-05"	"9.583666e-04"	"  1.26034280"	"UP"	"Rhythmic"	"5.022035e-03"	"1.761503e-03"	"24"	" 8.0"	"0.7526859"	"1.2670130"	"5.696215e+00"	" 3.51610785"	" 2.54998108"	" 4.83619853"	" 3.46890299"	" 4.40904246"	" 4.29814246"	" 3.24927071"	" 4.66946849"	" 4.31874145"	" 6.63582991"	" 5.2116365"	" 4.31978090"	" 2.53596051"	" 4.32067137"	" 5.572669923"	" 4.40250281"	" 4.26134369"	" 3.10893152"	" 4.2017426"	" 4.482947858"	" 4.2739905"	" 4.7216210"	" 4.65501630"	" 5.64593901"	" 3.88099072"	" 5.261053669"	" 4.94384095"	" 2.78729422"	" 2.99986170"	" 4.14753109"	" 4.71755543"	" 0.90343108"	" 2.94214589"	" 3.81703182"	" 2.214654542"	" 2.94765002"	" 4.05937940"	" 3.81506825"	" 1.27314512"	" 2.566634165"	" 2.11989071"	" 2.7191645"	" 3.53819235"	" 3.70003759"	" 1.96221263"	" 1.36891898"	" 4.209784980"
"AT2G16700"	"ADF5"	"Encodes actin depolymerizing factor 5 (ADF5)."	"816171"	"UP"	"Rhythmic"	" 1.063346"	" 0.13638553"	"  5.588598"	"2.277005e-07"	"1.064334e-05"	"  6.41850917"	"UP"	"Rhythmic"	"8.136664e-06"	"1.405054e-06"	"24"	"10.0"	"0.5819613"	"1.0532001"	"8.617931e-01"	"-1.99734018"	"-0.20024302"	"-0.10850457"	"-1.50450092"	"-1.97980369"	" 0.11375184"	"-1.91707498"	"-1.29592727"	" 0.42964786"	"-0.15476120"	" 0.1801592"	" 0.08537045"	" 0.48531499"	" 0.75689762"	" 0.673699807"	" 0.71632355"	" 2.18585108"	" 0.94613918"	" 1.2496946"	" 0.775136640"	" 0.9382186"	" 0.3739014"	"-0.67990374"	" 0.32309615"	" 0.47962096"	" 1.276368952"	" 1.10424376"	" 1.81438185"	"-0.79164571"	" 0.08561366"	" 0.21049628"	" 0.30513582"	" 0.69920154"	" 0.01657532"	"-0.566818393"	"-0.05788678"	" 0.71674058"	" 0.34249870"	"-0.18362657"	"-0.658898961"	"-0.98684407"	"-0.5467435"	" 0.33843097"	" 0.02597922"	"-2.03855175"	"-2.00376450"	"-0.337702620"
"AT2G29440"	"ATGSTU6"	"Encodes glutathione transferase belonging to the tau class of GSTs. Naming convention according to Wagner et al. (2002)."	"817493"	"DOWN"	"Rhythmic"	"-1.062634"	"-1.65270377"	" -6.097177"	"2.445042e-08"	"1.589909e-06"	"  8.59312046"	"DOWN"	"Rhythmic"	"1.221030e-04"	"2.849208e-05"	"24"	" 1.5"	"0.9805743"	"1.0011456"	"4.468894e-01"	"-0.26172286"	" 0.25417092"	" 0.27769119"	" 0.02980000"	"-0.76785751"	"-0.46162441"	"-1.65955151"	"-0.56404340"	"-2.35054986"	"-1.05874668"	"-1.0677710"	"-0.93083148"	" 0.37950552"	"-0.74040413"	"-2.421882401"	"-1.47547560"	"-1.72162482"	"-2.60857735"	"-2.9367205"	"-1.010701971"	"-2.1580756"	"-3.1828452"	"-0.80803511"	"-3.05055633"	"-1.01054554"	"-3.210008085"	"-1.70350992"	"-3.29075604"	"-2.06382278"	"-1.54997913"	"-2.70493954"	"-3.02912967"	"-3.19988866"	"-1.19999669"	"-2.962917246"	"-2.31757301"	"-3.14021036"	"-2.55211353"	"-2.82861804"	"-1.457217849"	"-3.04520814"	"-1.2765096"	"-1.97275624"	"-2.01827457"	"-1.31284075"	"-1.23930698"	"-1.023135193"
"AT5G36910"	"THI2.2"	"Encodes a thionin that is expressed at a low basal level in seedlings and shows circadian variation.  Predicted to encode a PR (pathogenesis-related) protein.  Belongs to the plant thionin (PR-13) family with the following members: At1g66100, At5g36910, At1g72260, At2g15010, At1g12663, At1g12660."	"833659"	"DOWN"	"Rhythmic"	"-1.052125"	" 1.59366803"	" -4.430143"	"2.571679e-05"	"5.693232e-04"	"  1.85088448"	"DOWN"	"Rhythmic"	"1.419591e-12"	"4.237344e-14"	"24"	" 5.0"	"2.3665253"	"2.9329140"	"2.757328e+01"	" 3.76745673"	" 3.59232961"	" 1.45054961"	" 2.85809794"	" 6.09494131"	" 5.57206656"	" 5.65880490"	" 6.01174516"	" 5.75549620"	" 5.91856939"	" 4.9744341"	" 4.65697383"	" 3.86278011"	" 4.78428482"	" 4.657927942"	" 4.99307190"	" 3.16398874"	" 3.77691107"	" 1.4983282"	" 1.815183603"	" 1.1240493"	"-0.3144544"	" 2.51677240"	" 1.83990539"	" 2.31605948"	" 0.660537615"	" 1.18573830"	" 1.45586322"	" 0.04072147"	"-1.01587904"	" 1.08888303"	"-0.20990619"	"-1.02837028"	"-0.37056343"	"-0.007040127"	"-0.70696722"	"-0.01809756"	"-0.18036308"	"-1.93494781"	" 0.671434399"	"-0.64173260"	" 0.2551007"	" 0.63460000"	" 0.05280278"	"-0.22513953"	" 0.72865514"	" 1.592820768"
"AT2G37870"	NA	NA	"818363"	"DOWN"	"Rhythmic"	"-1.049867"	"-1.44076992"	" -3.918663"	"1.700928e-04"	"2.671458e-03"	"  0.04960905"	"DOWN"	"Rhythmic"	"4.914088e-02"	"2.265745e-02"	"24"	" 9.0"	"0.2597075"	"1.6043337"	"1.479519e+00"	" 0.78959716"	" 0.89727812"	" 4.01270913"	" 1.71130349"	" 0.76396365"	" 3.46010862"	" 1.90174741"	" 1.94999362"	" 1.88771018"	" 1.46701613"	" 2.0535142"	" 2.59876131"	"-0.19414518"	" 1.03087033"	" 0.502828985"	" 0.28765572"	" 4.24756311"	" 0.34324114"	" 5.4561590"	" 5.150478431"	" 5.8094894"	" 5.4669936"	" 0.89126624"	" 3.31619798"	" 1.05229425"	"-0.209466586"	" 2.93412659"	" 0.62699314"	" 0.52859071"	" 4.68471848"	" 3.98189461"	" 1.06605408"	" 0.96042137"	" 0.87179393"	" 0.722312835"	" 0.50819358"	" 1.36874983"	" 2.80129004"	"-0.08406724"	"-0.595245642"	" 0.35907032"	" 0.8146968"	"-1.02862582"	" 0.82825969"	" 0.61855034"	" 0.42155316"	"-0.366838834"
"AT2G40100"	"LHCB4.3"	"Lhcb4:3 protein (Lhcb4.3, light harvesting complex of photosystem II"	"818599"	"DOWN"	"Rhythmic"	"-1.049533"	" 4.07827820"	" -6.497539"	"4.008638e-09"	"3.210919e-07"	" 10.36087726"	"DOWN"	"Rhythmic"	"5.185891e-05"	"1.097095e-05"	"24"	"19.0"	"0.5032179"	"1.0722007"	"2.121298e+01"	" 3.43807671"	" 1.97684074"	" 3.61882433"	" 2.69085449"	" 1.96557177"	" 2.56027137"	" 1.92615080"	" 3.01972234"	" 1.53553791"	" 1.49468134"	" 2.7102897"	" 2.34819276"	" 1.42794769"	"-0.13760771"	" 1.362567582"	" 1.17012117"	" 0.85193048"	" 1.11018820"	" 1.6017330"	" 0.914800758"	" 2.5753454"	" 2.5256508"	" 1.73800854"	" 2.77480605"	" 3.42621904"	" 3.691467105"	" 3.07484179"	" 3.49060244"	" 3.44699541"	" 1.40074288"	" 2.17947828"	" 3.74935381"	" 3.56480356"	" 3.71272546"	" 2.377447443"	" 3.04824098"	" 2.73763610"	" 2.92626985"	" 3.10438860"	" 2.960668111"	" 3.26531657"	" 3.1096588"	" 3.08254114"	" 2.76852210"	" 2.99391157"	" 2.76316898"	" 2.980793095"
"AT1G59960"	NA	NA	"842290"	"DOWN"	"Rhythmic"	"-1.049467"	" 1.58628768"	" -7.130180"	"2.138013e-10"	"2.229353e-08"	" 13.23431478"	"DOWN"	"Rhythmic"	"1.181384e-06"	"1.659247e-07"	"24"	"18.0"	"0.6408126"	"0.8759402"	"3.662271e+00"	" 2.76811572"	" 3.16372869"	" 3.59486773"	" 2.88898773"	" 2.19198985"	" 0.99188271"	" 0.88355943"	" 2.08726826"	" 2.68214688"	" 1.68104762"	" 2.3591482"	" 2.61479094"	" 1.53655284"	" 1.23463324"	" 2.404541452"	" 2.85004889"	" 1.53770087"	" 1.85326361"	" 1.3677429"	" 0.817377789"	" 2.4421537"	" 2.3969579"	" 3.24409044"	" 2.47126827"	" 2.71296707"	" 3.346280887"	" 3.03561085"	" 3.34026552"	" 3.50965497"	" 2.68859828"	" 3.28222521"	" 2.99799183"	" 3.75526099"	" 3.58181936"	" 3.956364115"	" 3.57760579"	" 3.54231323"	" 2.85387258"	" 2.83916944"	" 3.285918977"	" 3.40241006"	" 3.1622981"	" 3.05848964"	" 3.60029186"	" 3.06438031"	" 3.20288890"	" 2.947807864"
"AT4G36040"	"DJC23"	NA	"829760"	"UP"	"Rhythmic"	" 1.046078"	" 3.80584967"	"  5.672200"	"1.586735e-07"	"7.832336e-06"	"  6.76989611"	"UP"	"Rhythmic"	"7.419417e-19"	"2.652499e-21"	"24"	" 5.0"	"2.4554621"	"3.0324941"	"7.116466e+01"	" 3.80118449"	" 4.86528788"	" 3.43345906"	" 4.87231536"	" 6.12697614"	" 6.11006643"	" 6.50232395"	" 5.78464631"	" 7.68533600"	" 7.23225835"	" 7.1068821"	" 7.49574560"	" 7.36719974"	" 6.99115354"	" 7.008184495"	" 6.92916564"	" 5.17213892"	" 5.52103429"	" 4.2027694"	" 4.687477791"	" 1.9958651"	" 1.8207665"	" 2.55989006"	" 2.56122056"	" 2.24363730"	" 2.949992944"	" 2.29219387"	" 2.79410815"	" 1.93764524"	" 1.65671086"	" 1.93470412"	" 0.83896098"	" 1.21493002"	" 0.92429963"	" 0.308897929"	" 1.02039670"	" 1.25814407"	" 0.27597749"	" 2.09905199"	" 1.705132302"	" 1.70435949"	" 1.6467478"	" 0.96032853"	" 3.13125715"	" 2.95570148"	" 3.10247588"	" 2.599433072"
"AT5G44400"	"AtBBE26"	NA	"834466"	"DOWN"	"Rhythmic"	"-1.045129"	" 0.77855962"	" -5.733454"	"1.216011e-07"	"6.339805e-06"	"  7.02894297"	"DOWN"	"Rhythmic"	"1.167402e-03"	"3.496508e-04"	"24"	" 7.0"	"0.6651054"	"0.6344857"	"1.379267e+00"	" 0.95267606"	" 1.65634051"	" 1.16224860"	" 2.68355506"	" 2.19572743"	"-1.62330147"	" 1.72710319"	" 2.22401302"	" 1.10764501"	" 2.05989404"	" 2.4113852"	" 0.99831060"	" 2.03809014"	" 2.47772773"	" 1.526255762"	" 1.94339458"	" 1.59946308"	" 1.87141040"	" 1.9309872"	" 1.832018358"	" 1.2696423"	" 1.3354772"	" 2.20027012"	" 2.38536921"	" 1.41402679"	" 1.577716151"	" 2.14023249"	" 0.68192861"	" 1.42850260"	" 0.88574020"	" 0.79572559"	" 0.01967124"	" 0.70275536"	" 1.31799985"	"-0.810744856"	" 0.84461298"	" 0.45522236"	" 1.13288311"	" 1.71789487"	" 1.222335237"	" 0.46691026"	" 0.9922034"	" 0.70093500"	" 1.37671141"	" 1.12500863"	"-0.50564187"	" 0.773014306"
"AT2G24790"	"ATCOL3"	"Positive  regulator of photomorphogenesis that acts downstream of COP1 but can promote lateral root development independently  of COP1 and also function as a daylength-sensitive regulator of shoot branching."	"817016"	"DOWN"	"Rhythmic"	"-1.040994"	" 7.10932428"	"-16.412789"	"3.395274e-29"	"3.323974e-26"	" 55.86609976"	"DOWN"	"Rhythmic"	"1.188485e-11"	"4.613117e-13"	"24"	"20.0"	"0.8095193"	"0.7694689"	"1.397289e+02"	" 7.07415988"	" 6.82172315"	" 6.53670526"	" 6.90804024"	" 7.05311599"	" 6.98809533"	" 7.34743384"	" 6.89447848"	" 6.89042995"	" 6.96338096"	" 6.7524683"	" 6.95870668"	" 6.71105267"	" 6.49143347"	" 6.875491249"	" 6.76081804"	" 6.50835302"	" 6.59059421"	" 6.4629283"	" 6.402345309"	" 6.4580587"	" 6.3504892"	" 6.52347081"	" 6.41545306"	" 7.39333183"	" 7.278794087"	" 7.57447942"	" 7.39542611"	" 7.49159918"	" 7.32223812"	" 7.64512576"	" 7.85588577"	" 7.75869784"	" 7.86032090"	" 8.312701199"	" 7.75982020"	" 7.99784752"	" 8.11294864"	" 8.02711845"	" 8.149603675"	" 8.14143201"	" 8.3448950"	" 8.33438840"	" 7.90627733"	" 8.29576781"	" 8.41010414"	" 7.944068892"
"AT4G37980"	"ATCAD7"	NA	"829954"	"UP"	"Rhythmic"	" 1.037156"	" 6.74487710"	" 10.855646"	"3.290060e-18"	"1.073656e-15"	" 30.96213954"	"UP"	"Rhythmic"	"2.085738e-07"	"2.439398e-08"	"24"	" 6.0"	"0.6961107"	"0.7954082"	"6.085401e+01"	" 7.02269208"	" 6.56561541"	" 7.32299914"	" 6.45218044"	" 7.44735550"	" 7.64759803"	" 7.52708357"	" 7.63691529"	" 7.32237478"	" 6.41827933"	" 6.2888589"	" 7.42891181"	" 6.62831476"	" 7.56559891"	" 7.088063273"	" 6.85867808"	" 7.28160501"	" 7.39944605"	" 7.3774904"	" 7.346672209"	" 6.9564265"	" 6.6428676"	" 7.24762616"	" 6.72077468"	" 6.74427949"	" 6.352766295"	" 6.30399785"	" 6.80095599"	" 6.52871592"	" 6.14299659"	" 6.03868452"	" 6.46064522"	" 5.07429758"	" 6.14205188"	" 6.492831147"	" 5.99331305"	" 6.07473901"	" 5.83303385"	" 5.58459381"	" 5.928156277"	" 5.95938561"	" 6.0382429"	" 6.42657382"	" 6.01146687"	" 6.20214717"	" 6.23536715"	" 5.405254750"
"AT2G47130"	"AtSDR3"	NA	"819326"	"DOWN"	"Rhythmic"	"-1.022931"	" 0.92368085"	" -4.385276"	"3.051663e-05"	"6.606439e-04"	"  1.68696783"	"DOWN"	"Rhythmic"	"8.451812e-04"	"2.432618e-04"	"24"	"11.0"	"0.6595147"	"0.7388833"	"1.719148e+00"	" 0.65328556"	" 1.04427611"	"-0.07207565"	" 0.71336392"	" 0.89872416"	" 0.12895814"	" 0.37321349"	"-0.51612379"	" 0.38321798"	"-0.76646882"	" 0.8019176"	" 1.07637638"	"-0.10750548"	" 0.41588050"	"-0.885622284"	" 1.15427723"	" 1.65837849"	" 1.39247247"	" 1.5898091"	" 0.430627965"	" 1.6612517"	" 0.2342294"	" 2.33466651"	" 2.52097686"	" 1.20514518"	" 2.834874587"	" 2.43949087"	" 2.06314727"	" 0.71881137"	" 1.39188559"	" 1.33013973"	" 0.66276202"	" 1.83890385"	" 1.00549905"	" 0.859838404"	" 0.52228583"	"-0.76627746"	"-0.44775238"	" 0.74903855"	" 0.424066465"	" 0.66400755"	" 0.5480334"	"-1.10883998"	" 0.91090697"	"-0.46496353"	" 0.18477786"	"-0.004595592"
"AT5G04950"	"ATNAS1"	"Encodes a nicotianamide synthase."	"830377"	"DOWN"	"Rhythmic"	"-1.020140"	" 1.84451725"	" -5.598097"	"2.185712e-07"	"1.035393e-05"	"  6.45830572"	"DOWN"	"Rhythmic"	"1.326236e-06"	"1.892042e-07"	"24"	" 1.0"	"0.7581571"	"1.2031477"	"6.710538e+00"	" 3.37626920"	" 2.32886301"	" 2.98047434"	" 2.06737846"	" 3.52539246"	" 3.02175108"	" 3.34710372"	" 4.73979424"	" 2.34970538"	" 3.85922293"	" 3.5983328"	" 2.94241603"	" 2.55826052"	" 1.46392736"	" 1.692174895"	" 2.66576076"	" 0.89807769"	" 1.53927398"	" 2.1768829"	" 1.166017173"	"-0.2822960"	" 1.9357650"	" 0.14436936"	" 1.43128959"	"-0.64976554"	"-0.523282008"	" 0.93978955"	"-0.11210640"	" 1.24422133"	" 2.28248873"	" 2.07290047"	" 1.67886053"	" 1.81978009"	" 2.07873636"	" 2.572493121"	" 3.01354067"	" 2.77337139"	" 2.62312779"	" 1.62252894"	" 2.428443610"	" 2.17030099"	" 2.2014315"	" 2.75105654"	" 2.04034887"	" 2.79921232"	" 2.55664704"	" 2.721631470"
"AT5G24300"	"ATSS1"	"SSI is a plastidial enzyme and crucial for the synthesis of normal amylopectin in the leaves of Arabidopsis. The absence of SSI results in a deficiency in the number of shorter glucans which in turn affect the formation and connection of the amylopectin clusters in starch."	"832497"	"UP"	"Rhythmic"	" 1.017144"	" 4.75108494"	" 13.471847"	"1.443561e-23"	"7.481891e-21"	" 43.12806084"	"UP"	"Rhythmic"	"2.417325e-16"	"2.085083e-18"	"24"	" 7.0"	"1.0791567"	"1.3756605"	"2.851039e+01"	" 4.25403952"	" 3.99545628"	" 4.85539061"	" 3.88536739"	" 4.24901313"	" 4.46468229"	" 4.72243385"	" 4.43002392"	" 4.87920208"	" 4.77265054"	" 4.8683177"	" 5.15399512"	" 4.82325397"	" 4.79212356"	" 4.863185474"	" 5.02586826"	" 5.14027295"	" 5.11356163"	" 5.4108417"	" 5.119588657"	" 4.9510904"	" 5.0356322"	" 4.45003940"	" 4.99831610"	" 4.46386445"	" 4.224044524"	" 4.46668056"	" 4.04633174"	" 3.69603175"	" 3.20496776"	" 3.62375847"	" 3.82713624"	" 2.22098015"	" 3.33979960"	" 2.685294522"	" 2.19330586"	" 2.25512872"	" 1.95274590"	" 2.49264701"	" 2.297487711"	" 2.22007840"	" 2.2138141"	" 2.36416215"	" 2.64071477"	" 3.21970638"	" 2.99383882"	" 2.892589763"
"AT3G47500"	"CDF3"	"Dof-type zinc finger domain-containing protein, identical to H-protein promoter binding factor-2a GI:3386546 from (Arabidopsis thaliana). Interacts with LKP2 and FKF1, but its overexpression does not change flowering time under short or long day conditions."	"823904"	"UP"	"Rhythmic"	" 1.014893"	" 2.78665624"	"  5.711223"	"1.339494e-07"	"6.822945e-06"	"  6.93477594"	"UP"	"Rhythmic"	"1.412882e-16"	"1.130498e-18"	"24"	" 3.0"	"4.0211289"	"4.0452746"	"7.972311e+01"	" 6.83513318"	" 7.34889297"	" 6.65637888"	" 7.17671007"	" 6.50657787"	" 6.76418821"	" 6.78362321"	" 6.81469667"	" 6.24574583"	" 6.04369996"	" 6.0704139"	" 6.40228413"	" 4.33909160"	" 5.52392570"	" 5.521066250"	" 5.15677152"	" 4.20257721"	" 4.30492640"	" 4.3306686"	" 4.115396167"	" 2.6309159"	" 3.1214211"	" 3.16993221"	" 2.77521889"	" 0.49764856"	"-0.363982409"	"-0.66211451"	"-1.86430758"	"-1.92894526"	"-1.93268465"	"-1.45473211"	" 0.51332949"	"-0.53500868"	"-0.71639364"	"-1.201631665"	"-0.16721068"	"-0.04435112"	"-0.73002852"	" 0.49171449"	" 0.786582715"	" 0.38367885"	" 1.0381647"	" 1.22317122"	" 3.65744881"	" 4.15499397"	" 3.80333953"	" 3.259607728"
"AT3G11900"	"ANT1"	"encodes an amino acid transporter that transports aromatic and neutral amino acids, IAA, and 2,4-D. Expressed in all tissues with highest abundance in flowers and cauline leaves. a member of a small gene family in Arabidopsis and represents a new class of amino acid transporters."	"820363"	"UP"	"Rhythmic"	" 1.005423"	" 1.39527770"	"  7.913276"	"5.181768e-12"	"7.024086e-10"	" 16.89083720"	"UP"	"Rhythmic"	"1.412882e-16"	"1.130498e-18"	"24"	" 3.0"	"2.0737834"	"2.2975535"	"7.142890e+00"	" 3.55547317"	" 3.45791105"	" 2.71813620"	" 3.74746968"	" 3.52658615"	" 3.93942622"	" 4.03915336"	" 3.08669421"	" 2.79198692"	" 2.98584435"	" 2.7368542"	" 3.30379844"	" 3.26987285"	" 2.73391638"	" 2.490247032"	" 2.08287156"	" 1.26245731"	" 0.61166175"	" 0.6122586"	" 1.438985301"	"-0.8499010"	" 0.4929278"	"-0.26609083"	" 0.12132324"	" 0.18074456"	"-0.478339329"	"-0.30852558"	"-0.08691539"	"-2.34163684"	"-0.98198927"	"-0.39610420"	"-0.43472330"	"-0.16578030"	"-1.05502628"	"-0.703767695"	"-1.28085667"	"-0.44742566"	"-0.72002816"	"-0.38681965"	" 0.523698105"	" 0.47303239"	" 1.2504043"	"-0.11079825"	" 2.51286820"	" 1.92010293"	" 2.43778611"	" 2.425312787"
"AT1G13470"	NA	NA	"837907"	"DOWN"	"Rhythmic"	"-1.004590"	" 0.60289772"	" -4.445058"	"2.428934e-05"	"5.456803e-04"	"  1.90561355"	"DOWN"	"Rhythmic"	"6.044839e-04"	"1.678779e-04"	"24"	"10.0"	"0.6024648"	"0.7499329"	"1.313619e+00"	"-0.58812107"	" 0.91636660"	"-0.26708031"	" 1.50540431"	" 1.08401199"	" 0.41351666"	" 0.92361270"	"-0.02604445"	" 0.88290060"	" 0.07880528"	" 2.6172515"	" 0.46574410"	" 0.93354286"	" 0.43546428"	" 0.002074516"	" 1.01254614"	" 1.99177650"	" 1.61703268"	" 2.0658143"	" 0.392200277"	" 2.3112241"	" 2.1696502"	" 2.16662047"	" 2.59685762"	"-0.16223392"	" 1.986367272"	" 2.64733194"	" 2.74154955"	"-0.50591397"	" 0.42517653"	" 0.55555070"	" 0.55260426"	" 3.16428034"	" 1.04040879"	" 0.275887260"	" 0.96519012"	"-1.16725853"	"-1.16890389"	" 1.59121968"	"-0.091377837"	" 0.63549698"	"-0.6455454"	"-1.54702907"	"-0.34149676"	"-1.45909440"	"-0.12049653"	" 0.160532285"
"AT4G18440"	NA	NA	"827575"	"UP"	"Rhythmic"	" 1.001300"	" 5.44693009"	"  4.252279"	"5.038032e-05"	"9.964108e-04"	"  1.20755644"	"UP"	"Rhythmic"	"2.336054e-09"	"1.635848e-10"	"24"	" 8.0"	"2.5176022"	"2.3372465"	"1.116576e+02"	" 2.03560501"	" 1.23113217"	" 3.38001269"	" 1.84898041"	" 5.65419580"	" 5.28862648"	" 4.82751604"	" 5.20081913"	" 6.53544016"	" 7.36370807"	" 7.1265695"	" 7.69152816"	" 5.59450309"	" 6.62356858"	" 7.796175341"	" 6.59189067"	" 6.72945730"	" 6.15472896"	" 6.3957597"	" 6.839698467"	" 5.4572185"	" 5.2780045"	" 6.20858508"	" 6.20097111"	" 6.42953680"	" 5.323978278"	" 5.10278410"	" 4.74754514"	" 4.01050972"	" 2.86524380"	" 3.68415208"	" 4.86074145"	" 1.80976296"	" 4.01575279"	" 2.702506258"	" 3.20444634"	" 2.97168024"	" 2.10094315"	" 1.90863162"	" 2.384469477"	" 2.58081123"	" 2.3359648"	" 3.47291181"	" 1.70280003"	" 1.56692590"	" 1.81474833"	" 2.671098879"
"AT5G62720"	"AtNITR2;1"	NA	"836393"	"DOWN"	"Rhythmic"	"-1.000886"	" 4.96329783"	" -4.754389"	"7.255478e-06"	"2.011242e-04"	"  3.06672510"	"DOWN"	"Rhythmic"	"6.325330e-13"	"1.697810e-14"	"24"	"12.0"	"1.9812643"	"2.1099469"	"1.339984e+02"	" 0.91854963"	"-0.04039729"	" 0.56131632"	" 0.19045756"	" 1.20235650"	" 1.60799978"	" 1.33709539"	" 1.80621430"	" 3.52839641"	" 3.73904284"	" 3.6086867"	" 3.79963511"	" 5.51316129"	" 5.00573455"	" 5.329019759"	" 5.22259438"	" 6.84657482"	" 5.87890934"	" 6.7174403"	" 6.644789035"	" 6.7796578"	" 6.4775561"	" 5.32385670"	" 6.49121041"	" 6.12621661"	" 6.188882952"	" 6.12201450"	" 5.65561382"	" 4.80641961"	" 4.15132804"	" 4.81694713"	" 5.39704499"	" 4.92829724"	" 4.62751325"	" 5.864922190"	" 4.57564746"	" 4.11288693"	" 3.91029305"	" 4.08490040"	" 4.293140006"	" 4.03911841"	" 3.6971401"	" 4.02475083"	" 2.38074625"	" 2.85368292"	" 1.97871776"	" 2.387175748"
